Make,Model,Engine_Size_L_x,Cylinders_x,Transmission_x,CO2_Canada,Year,Engine_Size_L_y,Cylinders_y,Transmission_y,CO2_US
BMW,X1 XDRIVE28I,2.0,4,A8,209,2025,2.0,4,Auto(AM-S7),318
HONDA,ACCORD,2.4,4,AV,182,2025,1.5,4,Auto(AV),277
HONDA,ACCORD,2.4,4,AV,182,2025,2.0,4,Auto(AV),184
HONDA,ACCORD,2.4,4,AV7,186,2025,1.5,4,Auto(AV),277
HONDA,ACCORD,2.4,4,AV7,186,2025,2.0,4,Auto(AV),184
HONDA,ACCORD,2.4,4,M6,200,2025,1.5,4,Auto(AV),277
HONDA,ACCORD,2.4,4,M6,200,2025,2.0,4,Auto(AV),184
HONDA,ACCORD,3.5,6,A6,209,2025,1.5,4,Auto(AV),277
HONDA,ACCORD,3.5,6,A6,209,2025,2.0,4,Auto(AV),184
HONDA,ACCORD,3.5,6,AS6,221,2025,1.5,4,Auto(AV),277
HONDA,ACCORD,3.5,6,AS6,221,2025,2.0,4,Auto(AV),184
HONDA,ACCORD,3.5,6,M6,251,2025,1.5,4,Auto(AV),277
HONDA,ACCORD,3.5,6,M6,251,2025,2.0,4,Auto(AV),184
HONDA,CR-V AWD,2.4,4,A5,216,2025,1.5,4,Auto(AV),312
HONDA,CR-V AWD,2.4,4,A5,216,2025,2.0,4,Auto(AV),237
HONDA,PILOT AWD,3.5,6,A5,276,2025,3.5,6,Auto(S10),415
HYUNDAI,SONATA HYBRID,2.4,4,AS6,143,2025,2.0,4,Auto(AM-S6),188
KIA,SOUL,1.6,4,A6,205,2025,2.0,4,Auto(AV),302
KIA,SOUL,1.6,4,M6,207,2025,2.0,4,Auto(AV),302
KIA,SOUL,2.0,4,A6,209,2025,2.0,4,Auto(AV),302
KIA,SOUL ECO DYNAMICS,2.0,4,A6,202,2025,2.0,4,Auto(AV),287
KIA,SPORTAGE AWD,2.0,4,A6,262,2025,2.5,4,Auto(S8),361
KIA,SPORTAGE AWD,2.4,4,A6,246,2025,2.5,4,Auto(S8),361
MAZDA,CX-5 4WD,2.0,4,AS6,196,2025,2.5,4,Auto(S6),370
MAZDA,CX-5 4WD,2.0,4,AS6,196,2025,2.5,4,Auto(S6),348
MAZDA,CX-5 4WD,2.0,4,AS6,196,2025,2.5,4,Auto(S6),321
MAZDA,CX-5 4WD,2.5,4,AS6,205,2025,2.5,4,Auto(S6),370
MAZDA,CX-5 4WD,2.5,4,AS6,205,2025,2.5,4,Auto(S6),348
MAZDA,CX-5 4WD,2.5,4,AS6,205,2025,2.5,4,Auto(S6),321
MAZDA,MX-5,2.0,4,AS6,235,2025,2.0,4,Auto(S6),301
MAZDA,MX-5,2.0,4,AS6,235,2025,2.0,4,Manual(M6),305
MAZDA,MX-5,2.0,4,M5,221,2025,2.0,4,Auto(S6),301
MAZDA,MX-5,2.0,4,M5,221,2025,2.0,4,Manual(M6),305
MAZDA,MX-5,2.0,4,M6,228,2025,2.0,4,Auto(S6),301
MAZDA,MX-5,2.0,4,M6,228,2025,2.0,4,Manual(M6),305
MERCEDES-BENZ,CLA 250,2.0,4,AS7,179,2025,2.0,4,Auto(AM8),298
MERCEDES-BENZ,E 350 4MATIC,3.5,6,AS7,230,2025,2.0,4,Auto(A9),327
MERCEDES-BENZ,G 550,5.5,8,AS7,419,2025,3.0,6,Auto(A9),490
NISSAN,ARMADA 4WD,5.6,8,A5,380,2025,3.5,6,Auto(S9),524
NISSAN,FRONTIER 4WD,4.0,6,A5,315,2025,3.8,6,Auto(S9),470
NISSAN,FRONTIER 4WD,4.0,6,M6,301,2025,3.8,6,Auto(S9),470
NISSAN,MURANO AWD,3.5,6,AV,271,2025,2.0,4,Auto(S9),387
NISSAN,PATHFINDER 4WD,3.5,6,AV,253,2025,3.5,6,Auto(S9),379
NISSAN,ROGUE AWD,2.5,4,AV,198,2025,1.5,3,Auto(AV-S8),287
NISSAN,SENTRA,1.8,4,AV,161,2025,2.0,4,Auto(AV),262
NISSAN,SENTRA,1.8,4,M6,179,2025,2.0,4,Auto(AV),262
NISSAN,VERSA,1.6,4,AV,152,2025,1.6,4,Auto(AV),253
NISSAN,VERSA,1.6,4,AV,152,2025,1.6,4,Manual(M5),296
NISSAN,VERSA,1.6,4,M5,177,2025,1.6,4,Auto(AV),253
NISSAN,VERSA,1.6,4,M5,177,2025,1.6,4,Manual(M5),296
PORSCHE,911 CARRERA,3.4,6,AM7,232,2025,3.0,6,Auto(AM-S8),424
PORSCHE,911 CARRERA,3.4,6,M7,246,2025,3.0,6,Auto(AM-S8),424
PORSCHE,911 CARRERA CABRIOLET,3.4,6,AM7,232,2025,3.0,6,Auto(AM-S8),429
PORSCHE,911 CARRERA CABRIOLET,3.4,6,M7,246,2025,3.0,6,Auto(AM-S8),429
PORSCHE,911 TURBO,3.8,6,AM7,274,2025,3.7,6,Auto(AM-S8),534
PORSCHE,911 TURBO CABRIOLET,3.8,6,AM7,274,2025,3.7,6,Auto(AM-S8),546
PORSCHE,911 TURBO S,3.8,6,AM7,274,2025,3.7,6,Auto(AM-S8),556
PORSCHE,911 TURBO S CABRIOLET,3.8,6,AM7,274,2025,3.7,6,Auto(AM-S8),549
PORSCHE,CAYENNE,3.6,6,A8,290,2025,3.0,6,Auto(S8),469
PORSCHE,CAYENNE,3.6,6,M6,313,2025,3.0,6,Auto(S8),469
PORSCHE,CAYENNE S,4.8,8,A8,310,2025,4.0,8,Auto(S8),492
PORSCHE,PANAMERA,3.6,6,AM7,251,2025,2.9,6,Auto(AM-S8),431
PORSCHE,PANAMERA 4,3.6,6,AM7,255,2025,2.9,6,Auto(AM-S8),425
PORSCHE,PANAMERA GTS,4.8,8,AM7,292,2025,4.0,8,Auto(AM-S8),495
ROLLS-ROYCE,GHOST,6.6,12,A8,368,2025,6.7,12,Auto(S8),609
ROLLS-ROYCE,PHANTOM,6.7,12,A8,393,2025,6.7,12,Auto(S8),609
SUBARU,BRZ,2.0,4,AS6,196,2025,2.4,4,Auto(S6),362
SUBARU,BRZ,2.0,4,AS6,196,2025,2.4,4,Manual(M6),398
SUBARU,BRZ,2.0,4,M6,221,2025,2.4,4,Auto(S6),362
SUBARU,BRZ,2.0,4,M6,221,2025,2.4,4,Manual(M6),398
SUBARU,FORESTER AWD,2.0,4,AV,218,2025,2.5,4,Auto(AV-S8),310
SUBARU,FORESTER AWD,2.5,4,AV,198,2025,2.5,4,Auto(AV-S8),310
SUBARU,FORESTER AWD,2.5,4,M6,223,2025,2.5,4,Auto(AV-S8),310
SUBARU,OUTBACK AWD,2.5,4,AV,207,2025,2.4,4,Auto(AV-S8),356
SUBARU,OUTBACK AWD,2.5,4,AV,207,2025,2.5,4,Auto(AV-S8),314
SUBARU,OUTBACK AWD,2.5,4,M6,225,2025,2.4,4,Auto(AV-S8),356
SUBARU,OUTBACK AWD,2.5,4,M6,225,2025,2.5,4,Auto(AV-S8),314
SUBARU,OUTBACK AWD,3.6,6,AS5,269,2025,2.4,4,Auto(AV-S8),356
SUBARU,OUTBACK AWD,3.6,6,AS5,269,2025,2.5,4,Auto(AV-S8),314
TOYOTA,4RUNNER 4WD,4.0,6,AS5,297,2025,2.4,4,Auto(S8),417
TOYOTA,4RUNNER 4WD,4.0,6,AS5,297,2025,2.4,4,Auto(S8),415
TOYOTA,4RUNNER 4WD,4.0,6,AS5,297,2025,2.4,4,Auto(S8),380
TOYOTA,4RUNNER 4WD,4.0,6,AS5,297,2025,2.4,4,Auto(S8),380
TOYOTA,COROLLA,1.8,4,A4,177,2025,2.0,4,Auto(AV),257
TOYOTA,COROLLA,1.8,4,A4,177,2025,2.0,4,Auto(AV),254
TOYOTA,COROLLA,1.8,4,A4,177,2025,2.0,4,Auto(AV-S10),265
TOYOTA,COROLLA,1.8,4,AV7,168,2025,2.0,4,Auto(AV),257
TOYOTA,COROLLA,1.8,4,AV7,168,2025,2.0,4,Auto(AV),254
TOYOTA,COROLLA,1.8,4,AV7,168,2025,2.0,4,Auto(AV-S10),265
TOYOTA,COROLLA,1.8,4,AV,163,2025,2.0,4,Auto(AV),257
TOYOTA,COROLLA,1.8,4,AV,163,2025,2.0,4,Auto(AV),254
TOYOTA,COROLLA,1.8,4,AV,163,2025,2.0,4,Auto(AV-S10),265
TOYOTA,COROLLA,1.8,4,M6,170,2025,2.0,4,Auto(AV),257
TOYOTA,COROLLA,1.8,4,M6,170,2025,2.0,4,Auto(AV),254
TOYOTA,COROLLA,1.8,4,M6,170,2025,2.0,4,Auto(AV-S10),265
TOYOTA,HIGHLANDER,2.7,4,AS6,237,2025,2.4,4,Auto(S8),370
TOYOTA,HIGHLANDER,2.7,4,AS6,237,2025,2.4,4,Auto(S8),359
TOYOTA,HIGHLANDER,3.5,6,AS6,258,2025,2.4,4,Auto(S8),370
TOYOTA,HIGHLANDER,3.5,6,AS6,258,2025,2.4,4,Auto(S8),359
TOYOTA,HIGHLANDER AWD,3.5,6,AS6,264,2025,2.4,4,Auto(S8),371
TOYOTA,HIGHLANDER HYBRID AWD,3.5,6,AV6,191,2025,2.5,4,Auto(AV-S6),254
TOYOTA,PRIUS,1.8,4,AV,110,2025,2.0,4,Auto(AV),155
TOYOTA,RAV4,2.5,4,AS6,205,2025,2.5,4,Auto(S8),292
TOYOTA,RAV4 AWD,2.5,4,AS6,216,2025,2.5,4,Auto(S8),320
TOYOTA,RAV4 AWD,2.5,4,AS6,216,2025,2.5,4,Auto(S8),301
TOYOTA,SEQUOIA 4WD,5.7,8,AS6,384,2025,3.4,6,Auto(S10),439
TOYOTA,SIENNA,3.5,6,AS6,260,2025,2.5,4,Auto(AV-S6),246
TOYOTA,SIENNA AWD,3.5,6,AS6,285,2025,2.5,4,Auto(AV-S6),253
TOYOTA,TACOMA 4WD,2.7,4,A4,274,2025,2.4,4,Auto(S8),424
TOYOTA,TACOMA 4WD,2.7,4,M5,271,2025,2.4,4,Auto(S8),424
TOYOTA,TACOMA 4WD,4.0,6,A5,306,2025,2.4,4,Auto(S8),424
TOYOTA,TACOMA 4WD,4.0,6,M6,322,2025,2.4,4,Auto(S8),424
TOYOTA,TUNDRA 4WD,4.6,8,AS6,347,2025,3.4,6,Auto(S10),468
TOYOTA,TUNDRA 4WD,4.6,8,AS6,347,2025,3.4,6,Auto(S10),460
TOYOTA,TUNDRA 4WD,4.6,8,AS6,347,2025,3.4,6,Auto(S10),439
TOYOTA,TUNDRA 4WD,5.7,8,AS6,373,2025,3.4,6,Auto(S10),468
TOYOTA,TUNDRA 4WD,5.7,8,AS6,373,2025,3.4,6,Auto(S10),460
TOYOTA,TUNDRA 4WD,5.7,8,AS6,373,2025,3.4,6,Auto(S10),439
BMW,M3 SEDAN,3.0,6,AM7,278,2025,3.0,6,Manual(M6),472
BMW,M3 SEDAN,3.0,6,M6,267,2025,3.0,6,Manual(M6),472
BMW,M4 COUPE,3.0,6,AM7,278,2025,3.0,6,Manual(M6),472
BMW,M4 COUPE,3.0,6,M6,267,2025,3.0,6,Manual(M6),472
BMW,X1 XDRIVE28I,2.0,4,AS8,209,2025,2.0,4,Auto(AM-S7),318
HONDA,ACCORD,2.4,4,AV,179,2025,1.5,4,Auto(AV),277
HONDA,ACCORD,2.4,4,AV,179,2025,2.0,4,Auto(AV),184
HONDA,ACCORD,2.4,4,AV7,184,2025,1.5,4,Auto(AV),277
HONDA,ACCORD,2.4,4,AV7,184,2025,2.0,4,Auto(AV),184
HONDA,ACCORD,2.4,4,M6,200,2025,1.5,4,Auto(AV),277
HONDA,ACCORD,2.4,4,M6,200,2025,2.0,4,Auto(AV),184
HONDA,ACCORD,3.5,6,A6,209,2025,1.5,4,Auto(AV),277
HONDA,ACCORD,3.5,6,A6,209,2025,2.0,4,Auto(AV),184
HONDA,ACCORD,3.5,6,AS6,219,2025,1.5,4,Auto(AV),277
HONDA,ACCORD,3.5,6,AS6,219,2025,2.0,4,Auto(AV),184
HONDA,ACCORD,3.5,6,M6,251,2025,1.5,4,Auto(AV),277
HONDA,ACCORD,3.5,6,M6,251,2025,2.0,4,Auto(AV),184
HONDA,CR-V AWD,2.4,4,AV,191,2025,1.5,4,Auto(AV),312
HONDA,CR-V AWD,2.4,4,AV,191,2025,2.0,4,Auto(AV),237
HYUNDAI,ELANTRA,1.8,4,AS6,172,2025,2.0,4,Auto(AV-S1),263
HYUNDAI,ELANTRA,1.8,4,AS6,172,2025,2.0,4,Auto(AV-S1),246
HYUNDAI,ELANTRA,1.8,4,M6,177,2025,2.0,4,Auto(AV-S1),263
HYUNDAI,ELANTRA,1.8,4,M6,177,2025,2.0,4,Auto(AV-S1),246
HYUNDAI,ELANTRA,2.0,4,AS6,191,2025,2.0,4,Auto(AV-S1),263
HYUNDAI,ELANTRA,2.0,4,AS6,191,2025,2.0,4,Auto(AV-S1),246
HYUNDAI,ELANTRA,2.0,4,M6,196,2025,2.0,4,Auto(AV-S1),263
HYUNDAI,ELANTRA,2.0,4,M6,196,2025,2.0,4,Auto(AV-S1),246
HYUNDAI,SANTA FE AWD,3.3,6,AS6,264,2025,2.5,4,Auto(AM-S8),390
HYUNDAI,SONATA HYBRID,2.4,4,AS6,145,2025,2.0,4,Auto(AM-S6),188
HYUNDAI,TUCSON AWD,2.0,4,AS6,239,2025,2.5,4,Auto(S8),339
HYUNDAI,TUCSON AWD,2.4,4,AS6,244,2025,2.5,4,Auto(S8),339
KIA,SORENTO AWD,2.4,4,AS6,251,2025,2.5,4,Auto(AM-S8),389
KIA,SORENTO AWD,2.4,4,AS6,251,2025,2.5,4,Auto(S8),357
KIA,SORENTO AWD,3.3,6,AS6,271,2025,2.5,4,Auto(AM-S8),389
KIA,SORENTO AWD,3.3,6,AS6,271,2025,2.5,4,Auto(S8),357
KIA,SOUL,1.6,4,AS6,205,2025,2.0,4,Auto(AV),302
KIA,SOUL,1.6,4,M6,207,2025,2.0,4,Auto(AV),302
KIA,SOUL,2.0,4,AS6,207,2025,2.0,4,Auto(AV),302
KIA,SOUL ECO DYNAMICS,2.0,4,AS6,202,2025,2.0,4,Auto(AV),287
KIA,SPORTAGE AWD,2.0,4,AS6,260,2025,2.5,4,Auto(S8),361
KIA,SPORTAGE AWD,2.4,4,AS6,246,2025,2.5,4,Auto(S8),361
MAZDA,CX-5 4WD,2.0,4,AS6,196,2025,2.5,4,Auto(S6),370
MAZDA,CX-5 4WD,2.0,4,AS6,196,2025,2.5,4,Auto(S6),348
MAZDA,CX-5 4WD,2.0,4,AS6,196,2025,2.5,4,Auto(S6),321
MAZDA,CX-5 4WD,2.5,4,AS6,207,2025,2.5,4,Auto(S6),370
MAZDA,CX-5 4WD,2.5,4,AS6,207,2025,2.5,4,Auto(S6),348
MAZDA,CX-5 4WD,2.5,4,AS6,207,2025,2.5,4,Auto(S6),321
MAZDA,MX-5,2.0,4,AS6,232,2025,2.0,4,Auto(S6),301
MAZDA,MX-5,2.0,4,AS6,232,2025,2.0,4,Manual(M6),305
MAZDA,MX-5,2.0,4,M5,221,2025,2.0,4,Auto(S6),301
MAZDA,MX-5,2.0,4,M5,221,2025,2.0,4,Manual(M6),305
MAZDA,MX-5,2.0,4,M6,228,2025,2.0,4,Auto(S6),301
MAZDA,MX-5,2.0,4,M6,228,2025,2.0,4,Manual(M6),305
MERCEDES-BENZ,C 300 4MATIC,2.0,4,AS7,207,2025,2.0,4,Auto(A9),329
MERCEDES-BENZ,CLA 250,2.0,4,AS7,186,2025,2.0,4,Auto(AM8),298
MERCEDES-BENZ,CLA 250 4MATIC,2.0,4,AS7,202,2025,2.0,4,Auto(AM8),311
MERCEDES-BENZ,G 550,5.5,8,AS7,419,2025,3.0,6,Auto(A9),490
MERCEDES-BENZ,GLA 250 4MATIC,2.0,4,AS7,200,2025,2.0,4,Auto(AM8),315
NISSAN,ARMADA 4WD,5.6,8,A5,382,2025,3.5,6,Auto(S9),524
NISSAN,FRONTIER 4WD,4.0,6,A5,315,2025,3.8,6,Auto(S9),470
NISSAN,FRONTIER 4WD,4.0,6,M6,306,2025,3.8,6,Auto(S9),470
NISSAN,MURANO AWD,3.5,6,AV7,228,2025,2.0,4,Auto(S9),387
NISSAN,PATHFINDER 4WD,3.5,6,AV,246,2025,3.5,6,Auto(S9),379
NISSAN,PATHFINDER 4WD PLATINUM,3.5,6,AV,253,2025,3.5,6,Auto(S9),400
NISSAN,ROGUE AWD,2.5,4,AV,196,2025,1.5,3,Auto(AV-S8),287
NISSAN,SENTRA,1.8,4,AV,166,2025,2.0,4,Auto(AV),262
NISSAN,SENTRA,1.8,4,M6,182,2025,2.0,4,Auto(AV),262
NISSAN,VERSA,1.6,4,AV,156,2025,1.6,4,Auto(AV),253
NISSAN,VERSA,1.6,4,AV,156,2025,1.6,4,Manual(M5),296
NISSAN,VERSA,1.6,4,M5,177,2025,1.6,4,Auto(AV),253
NISSAN,VERSA,1.6,4,M5,177,2025,1.6,4,Manual(M5),296
PORSCHE,911 CARRERA,3.4,6,AM7,232,2025,3.0,6,Auto(AM-S8),424
PORSCHE,911 CARRERA,3.4,6,M7,244,2025,3.0,6,Auto(AM-S8),424
PORSCHE,911 CARRERA CABRIOLET,3.4,6,AM7,232,2025,3.0,6,Auto(AM-S8),429
PORSCHE,911 CARRERA CABRIOLET,3.4,6,M7,246,2025,3.0,6,Auto(AM-S8),429
PORSCHE,911 CARRERA 4 GTS,3.8,6,AM7,255,2025,3.6,6,Auto(AM-S8),461
PORSCHE,911 CARRERA 4 GTS,3.8,6,M7,260,2025,3.6,6,Auto(AM-S8),461
PORSCHE,911 CARRERA 4 GTS CABRIOLET,3.8,6,AM7,262,2025,3.6,6,Auto(AM-S8),468
PORSCHE,911 CARRERA 4 GTS CABRIOLET,3.8,6,M7,267,2025,3.6,6,Auto(AM-S8),468
PORSCHE,911 CARRERA GTS CABRIOLET,3.8,6,AM7,255,2025,3.6,6,Auto(AM-S8),459
PORSCHE,911 CARRERA GTS CABRIOLET,3.8,6,AM7,255,2025,3.6,6,Auto(AM-S8),459
PORSCHE,911 CARRERA GTS CABRIOLET,3.8,6,M7,267,2025,3.6,6,Auto(AM-S8),459
PORSCHE,911 CARRERA GTS CABRIOLET,3.8,6,M7,267,2025,3.6,6,Auto(AM-S8),459
PORSCHE,911 TURBO,3.8,6,AM7,274,2025,3.7,6,Auto(AM-S8),534
PORSCHE,911 TURBO CABRIOLET,3.8,6,AM7,274,2025,3.7,6,Auto(AM-S8),546
PORSCHE,911 TURBO S,3.8,6,AM7,274,2025,3.7,6,Auto(AM-S8),556
PORSCHE,911 TURBO S CABRIOLET,3.8,6,AM7,274,2025,3.7,6,Auto(AM-S8),549
PORSCHE,CAYENNE S,3.6,6,A8,286,2025,4.0,8,Auto(S8),492
PORSCHE,MACAN S,3.0,6,A7,281,2025,2.9,6,Auto(AM-S7),466
PORSCHE,PANAMERA,3.6,6,AM7,251,2025,2.9,6,Auto(AM-S8),431
PORSCHE,PANAMERA 4,3.6,6,AM7,255,2025,2.9,6,Auto(AM-S8),425
PORSCHE,PANAMERA GTS,4.8,8,AM7,292,2025,4.0,8,Auto(AM-S8),495
ROLLS-ROYCE,GHOST,6.6,12,AS8,370,2025,6.7,12,Auto(S8),609
ROLLS-ROYCE,PHANTOM,6.7,12,AS8,396,2025,6.7,12,Auto(S8),609
SUBARU,BRZ,2.0,4,AS6,193,2025,2.4,4,Auto(S6),362
SUBARU,BRZ,2.0,4,AS6,193,2025,2.4,4,Manual(M6),398
SUBARU,BRZ,2.0,4,M6,221,2025,2.4,4,Auto(S6),362
SUBARU,BRZ,2.0,4,M6,221,2025,2.4,4,Manual(M6),398
SUBARU,FORESTER AWD,2.0,4,AV8,216,2025,2.5,4,Auto(AV-S8),310
SUBARU,FORESTER AWD,2.5,4,AV6,200,2025,2.5,4,Auto(AV-S8),310
SUBARU,FORESTER AWD,2.5,4,M6,221,2025,2.5,4,Auto(AV-S8),310
SUBARU,OUTBACK AWD,2.5,4,AV6,191,2025,2.4,4,Auto(AV-S8),356
SUBARU,OUTBACK AWD,2.5,4,AV6,191,2025,2.5,4,Auto(AV-S8),314
SUBARU,OUTBACK AWD,2.5,4,M6,223,2025,2.4,4,Auto(AV-S8),356
SUBARU,OUTBACK AWD,2.5,4,M6,223,2025,2.5,4,Auto(AV-S8),314
SUBARU,OUTBACK AWD,3.6,6,AV6,242,2025,2.4,4,Auto(AV-S8),356
SUBARU,OUTBACK AWD,3.6,6,AV6,242,2025,2.5,4,Auto(AV-S8),314
SUBARU,WRX,2.0,4,AV8,255,2025,2.4,4,Auto(AV-S8),422
SUBARU,WRX,2.0,4,AV8,255,2025,2.4,4,Manual(M6),413
SUBARU,WRX,2.0,4,M6,225,2025,2.4,4,Auto(AV-S8),422
SUBARU,WRX,2.0,4,M6,225,2025,2.4,4,Manual(M6),413
SUBARU,WRX,2.5,4,M6,281,2025,2.4,4,Auto(AV-S8),422
SUBARU,WRX,2.5,4,M6,281,2025,2.4,4,Manual(M6),413
TOYOTA,4RUNNER 4WD,4.0,6,AS5,294,2025,2.4,4,Auto(S8),417
TOYOTA,4RUNNER 4WD,4.0,6,AS5,294,2025,2.4,4,Auto(S8),415
TOYOTA,4RUNNER 4WD,4.0,6,AS5,294,2025,2.4,4,Auto(S8),380
TOYOTA,4RUNNER 4WD,4.0,6,AS5,294,2025,2.4,4,Auto(S8),380
TOYOTA,COROLLA,1.8,4,A4,175,2025,2.0,4,Auto(AV),257
TOYOTA,COROLLA,1.8,4,A4,175,2025,2.0,4,Auto(AV),254
TOYOTA,COROLLA,1.8,4,A4,175,2025,2.0,4,Auto(AV-S10),265
TOYOTA,COROLLA,1.8,4,AV7,163,2025,2.0,4,Auto(AV),257
TOYOTA,COROLLA,1.8,4,AV7,163,2025,2.0,4,Auto(AV),254
TOYOTA,COROLLA,1.8,4,AV7,163,2025,2.0,4,Auto(AV-S10),265
TOYOTA,COROLLA,1.8,4,AV,168,2025,2.0,4,Auto(AV),257
TOYOTA,COROLLA,1.8,4,AV,168,2025,2.0,4,Auto(AV),254
TOYOTA,COROLLA,1.8,4,AV,168,2025,2.0,4,Auto(AV-S10),265
TOYOTA,COROLLA,1.8,4,M6,170,2025,2.0,4,Auto(AV),257
TOYOTA,COROLLA,1.8,4,M6,170,2025,2.0,4,Auto(AV),254
TOYOTA,COROLLA,1.8,4,M6,170,2025,2.0,4,Auto(AV-S10),265
TOYOTA,HIGHLANDER,2.7,4,AS6,246,2025,2.4,4,Auto(S8),370
TOYOTA,HIGHLANDER,2.7,4,AS6,246,2025,2.4,4,Auto(S8),359
TOYOTA,HIGHLANDER,3.5,6,AS6,255,2025,2.4,4,Auto(S8),370
TOYOTA,HIGHLANDER,3.5,6,AS6,255,2025,2.4,4,Auto(S8),359
TOYOTA,HIGHLANDER AWD,3.5,6,AS6,267,2025,2.4,4,Auto(S8),371
TOYOTA,HIGHLANDER HYBRID AWD,3.5,6,AV6,196,2025,2.5,4,Auto(AV-S6),254
TOYOTA,PRIUS,1.8,4,AV,108,2025,2.0,4,Auto(AV),155
TOYOTA,RAV4,2.5,4,AS6,205,2025,2.5,4,Auto(S8),292
TOYOTA,RAV4 AWD,2.5,4,AS6,218,2025,2.5,4,Auto(S8),320
TOYOTA,RAV4 AWD,2.5,4,AS6,218,2025,2.5,4,Auto(S8),301
TOYOTA,SEQUOIA 4WD,5.7,8,AS6,382,2025,3.4,6,Auto(S10),439
TOYOTA,SIENNA,3.5,6,AS6,262,2025,2.5,4,Auto(AV-S6),246
TOYOTA,SIENNA AWD,3.5,6,AS6,288,2025,2.5,4,Auto(AV-S6),253
TOYOTA,TACOMA 4WD,2.7,4,A4,283,2025,2.4,4,Auto(S8),424
TOYOTA,TACOMA 4WD,2.7,4,M5,283,2025,2.4,4,Auto(S8),424
TOYOTA,TACOMA 4WD,4.0,6,A5,308,2025,2.4,4,Auto(S8),424
TOYOTA,TACOMA 4WD,4.0,6,M6,322,2025,2.4,4,Auto(S8),424
TOYOTA,TUNDRA 4WD,4.6,8,AS6,347,2025,3.4,6,Auto(S10),468
TOYOTA,TUNDRA 4WD,4.6,8,AS6,347,2025,3.4,6,Auto(S10),460
TOYOTA,TUNDRA 4WD,4.6,8,AS6,347,2025,3.4,6,Auto(S10),439
TOYOTA,TUNDRA 4WD,5.7,8,AS6,382,2025,3.4,6,Auto(S10),468
TOYOTA,TUNDRA 4WD,5.7,8,AS6,382,2025,3.4,6,Auto(S10),460
TOYOTA,TUNDRA 4WD,5.7,8,AS6,382,2025,3.4,6,Auto(S10),439
BMW,M4 COUPE,3.0,6,AM7,284,2025,3.0,6,Manual(M6),472
BMW,M4 COUPE,3.0,6,M6,271,2025,3.0,6,Manual(M6),472
BMW,X1 XDRIVE28I,2.0,4,AS8,215,2025,2.0,4,Auto(AM-S7),318
BMW,X4 M40I,3.0,6,AS8,264,2025,3.0,6,Auto(S8),377
HONDA,ACCORD,2.4,4,M6,207,2025,1.5,4,Auto(AV),277
HONDA,ACCORD,2.4,4,M6,207,2025,2.0,4,Auto(AV),184
HONDA,CR-V AWD,2.4,4,AV,202,2025,1.5,4,Auto(AV),312
HONDA,CR-V AWD,2.4,4,AV,202,2025,2.0,4,Auto(AV),237
HONDA,HR-V AWD,1.8,4,AV,190,2025,2.0,4,Auto(AV),326
HONDA,HR-V AWD,1.8,4,AV7,190,2025,2.0,4,Auto(AV),326
HONDA,PILOT AWD,3.5,6,A6,265,2025,3.5,6,Auto(S10),415
HONDA,PILOT AWD,3.5,6,AS9,257,2025,3.5,6,Auto(S10),415
HYUNDAI,ELANTRA,1.8,4,AS6,176,2025,2.0,4,Auto(AV-S1),263
HYUNDAI,ELANTRA,1.8,4,AS6,176,2025,2.0,4,Auto(AV-S1),246
HYUNDAI,ELANTRA,1.8,4,M6,180,2025,2.0,4,Auto(AV-S1),263
HYUNDAI,ELANTRA,1.8,4,M6,180,2025,2.0,4,Auto(AV-S1),246
HYUNDAI,ELANTRA,2.0,4,AS6,194,2025,2.0,4,Auto(AV-S1),263
HYUNDAI,ELANTRA,2.0,4,AS6,194,2025,2.0,4,Auto(AV-S1),246
HYUNDAI,ELANTRA,2.0,4,M6,198,2025,2.0,4,Auto(AV-S1),263
HYUNDAI,ELANTRA,2.0,4,M6,198,2025,2.0,4,Auto(AV-S1),246
HYUNDAI,SANTA FE AWD,3.3,6,AS6,269,2025,2.5,4,Auto(AM-S8),390
HYUNDAI,SONATA HYBRID,2.0,4,AM6,133,2025,2.0,4,Auto(AM-S6),188
HYUNDAI,TUCSON AWD,1.6,4,AM7,219,2025,2.5,4,Auto(S8),339
HYUNDAI,TUCSON AWD,2.0,4,AS6,240,2025,2.5,4,Auto(S8),339
KIA,SORENTO AWD,2.0,4,AS6,259,2025,2.5,4,Auto(AM-S8),389
KIA,SORENTO AWD,2.0,4,AS6,259,2025,2.5,4,Auto(S8),357
KIA,SORENTO AWD,2.4,4,AS6,245,2025,2.5,4,Auto(AM-S8),389
KIA,SORENTO AWD,2.4,4,AS6,245,2025,2.5,4,Auto(S8),357
KIA,SORENTO AWD,3.3,6,AS6,275,2025,2.5,4,Auto(AM-S8),389
KIA,SORENTO AWD,3.3,6,AS6,275,2025,2.5,4,Auto(S8),357
KIA,SOUL,1.6,4,AS6,206,2025,2.0,4,Auto(AV),302
KIA,SOUL,1.6,4,M6,208,2025,2.0,4,Auto(AV),302
KIA,SOUL,2.0,4,AS6,208,2025,2.0,4,Auto(AV),302
KIA,SOUL ECO DYNAMICS,2.0,4,AS6,208,2025,2.0,4,Auto(AV),287
KIA,SPORTAGE AWD,2.0,4,AS6,261,2025,2.5,4,Auto(S8),361
KIA,SPORTAGE AWD,2.4,4,AS6,251,2025,2.5,4,Auto(S8),361
MAZDA,CX-5 4WD,2.0,4,AS6,199,2025,2.5,4,Auto(S6),370
MAZDA,CX-5 4WD,2.0,4,AS6,199,2025,2.5,4,Auto(S6),348
MAZDA,CX-5 4WD,2.0,4,AS6,199,2025,2.5,4,Auto(S6),321
MAZDA,CX-5 4WD,2.5,4,AS6,210,2025,2.5,4,Auto(S6),370
MAZDA,CX-5 4WD,2.5,4,AS6,210,2025,2.5,4,Auto(S6),348
MAZDA,CX-5 4WD,2.5,4,AS6,210,2025,2.5,4,Auto(S6),321
MAZDA,MX-5,2.0,4,AS6,183,2025,2.0,4,Auto(S6),301
MAZDA,MX-5,2.0,4,AS6,183,2025,2.0,4,Manual(M6),305
MERCEDES-BENZ,AMG G 63,5.5,8,AS7,417,2025,4.0,8,Auto(A9),608
MERCEDES-BENZ,C 300 4MATIC,2.0,4,AS7,212,2025,2.0,4,Auto(A9),329
MERCEDES-BENZ,CLA 250,2.0,4,AS7,188,2025,2.0,4,Auto(AM8),298
MERCEDES-BENZ,G 550,5.5,8,AS7,401,2025,3.0,6,Auto(A9),490
MERCEDES-BENZ,GLA 250 4MATIC,2.0,4,AS7,203,2025,2.0,4,Auto(AM8),315
NISSAN,FRONTIER 4WD,4.0,6,A5,322,2025,3.8,6,Auto(S9),470
NISSAN,FRONTIER 4WD,4.0,6,M6,313,2025,3.8,6,Auto(S9),470
NISSAN,MURANO AWD,3.5,6,AV7,232,2025,2.0,4,Auto(S9),387
NISSAN,PATHFINDER 4WD,3.5,6,AV,251,2025,3.5,6,Auto(S9),379
NISSAN,PATHFINDER 4WD PLATINUM,3.5,6,AV,258,2025,3.5,6,Auto(S9),400
NISSAN,ROGUE AWD,2.5,4,AV,201,2025,1.5,3,Auto(AV-S8),287
NISSAN,SENTRA,1.8,4,AV,167,2025,2.0,4,Auto(AV),262
NISSAN,SENTRA,1.8,4,M6,184,2025,2.0,4,Auto(AV),262
NISSAN,VERSA,1.6,4,AV,161,2025,1.6,4,Auto(AV),253
NISSAN,VERSA,1.6,4,AV,161,2025,1.6,4,Manual(M5),296
NISSAN,VERSA,1.6,4,M5,179,2025,1.6,4,Auto(AV),253
NISSAN,VERSA,1.6,4,M5,179,2025,1.6,4,Manual(M5),296
PORSCHE,911 CARRERA,3.4,6,AM7,238,2025,3.0,6,Auto(AM-S8),424
PORSCHE,911 CARRERA,3.4,6,M7,249,2025,3.0,6,Auto(AM-S8),424
PORSCHE,911 CARRERA CABRIOLET,3.4,6,AM7,236,2025,3.0,6,Auto(AM-S8),429
PORSCHE,911 CARRERA CABRIOLET,3.4,6,M7,251,2025,3.0,6,Auto(AM-S8),429
PORSCHE,911 CARRERA GTS CABRIOLET,3.8,6,AM7,260,2025,3.6,6,Auto(AM-S8),459
PORSCHE,911 CARRERA GTS CABRIOLET,3.8,6,AM7,260,2025,3.6,6,Auto(AM-S8),459
PORSCHE,911 CARRERA GTS CABRIOLET,3.8,6,M7,272,2025,3.6,6,Auto(AM-S8),459
PORSCHE,911 CARRERA GTS CABRIOLET,3.8,6,M7,272,2025,3.6,6,Auto(AM-S8),459
PORSCHE,911 CARRERA 4 GTS,3.8,6,AM7,260,2025,3.6,6,Auto(AM-S8),461
PORSCHE,911 CARRERA 4 GTS,3.8,6,M7,265,2025,3.6,6,Auto(AM-S8),461
PORSCHE,911 CARRERA 4 GTS CABRIOLET,3.8,6,AM7,268,2025,3.6,6,Auto(AM-S8),468
PORSCHE,911 CARRERA 4 GTS CABRIOLET,3.8,6,M7,272,2025,3.6,6,Auto(AM-S8),468
PORSCHE,911 TURBO,3.8,6,AM7,278,2025,3.7,6,Auto(AM-S8),534
PORSCHE,911 TURBO CABRIOLET,3.8,6,AM7,278,2025,3.7,6,Auto(AM-S8),546
PORSCHE,911 TURBO S,3.8,6,AM7,278,2025,3.7,6,Auto(AM-S8),556
PORSCHE,911 TURBO S CABRIOLET,3.8,6,AM7,278,2025,3.7,6,Auto(AM-S8),549
PORSCHE,CAYENNE,3.6,6,A8,277,2025,3.0,6,Auto(S8),469
PORSCHE,CAYENNE S,3.6,6,A8,286,2025,4.0,8,Auto(S8),492
PORSCHE,MACAN S,3.0,6,A7,285,2025,2.9,6,Auto(AM-S7),466
PORSCHE,PANAMERA,3.6,6,AM7,255,2025,2.9,6,Auto(AM-S8),431
PORSCHE,PANAMERA GTS,4.8,8,AM7,298,2025,4.0,8,Auto(AM-S8),495
PORSCHE,PANAMERA 4,3.6,6,AM7,262,2025,2.9,6,Auto(AM-S8),425
ROLLS-ROYCE,GHOST,6.6,12,AS8,373,2025,6.7,12,Auto(S8),609
ROLLS-ROYCE,PHANTOM,6.7,12,AS8,403,2025,6.7,12,Auto(S8),609
SUBARU,BRZ,2.0,4,AS6,197,2025,2.4,4,Auto(S6),362
SUBARU,BRZ,2.0,4,AS6,197,2025,2.4,4,Manual(M6),398
SUBARU,BRZ,2.0,4,M6,224,2025,2.4,4,Auto(S6),362
SUBARU,BRZ,2.0,4,M6,224,2025,2.4,4,Manual(M6),398
SUBARU,FORESTER AWD,2.0,4,AV8,222,2025,2.5,4,Auto(AV-S8),310
SUBARU,FORESTER AWD,2.5,4,AV6,204,2025,2.5,4,Auto(AV-S8),310
SUBARU,FORESTER AWD,2.5,4,M6,227,2025,2.5,4,Auto(AV-S8),310
SUBARU,OUTBACK AWD,2.5,4,AV6,196,2025,2.4,4,Auto(AV-S8),356
SUBARU,OUTBACK AWD,2.5,4,AV6,196,2025,2.5,4,Auto(AV-S8),314
SUBARU,OUTBACK AWD,2.5,4,M6,228,2025,2.4,4,Auto(AV-S8),356
SUBARU,OUTBACK AWD,2.5,4,M6,228,2025,2.5,4,Auto(AV-S8),314
SUBARU,OUTBACK AWD,3.6,6,AV6,246,2025,2.4,4,Auto(AV-S8),356
SUBARU,OUTBACK AWD,3.6,6,AV6,246,2025,2.5,4,Auto(AV-S8),314
SUBARU,WRX,2.0,4,AV8,254,2025,2.4,4,Auto(AV-S8),422
SUBARU,WRX,2.0,4,AV8,254,2025,2.4,4,Manual(M6),413
SUBARU,WRX,2.0,4,M6,233,2025,2.4,4,Auto(AV-S8),422
SUBARU,WRX,2.0,4,M6,233,2025,2.4,4,Manual(M6),413
SUBARU,WRX,2.5,4,M6,285,2025,2.4,4,Auto(AV-S8),422
SUBARU,WRX,2.5,4,M6,285,2025,2.4,4,Manual(M6),413
TOYOTA,4RUNNER 4WD,4.0,6,AS5,298,2025,2.4,4,Auto(S8),417
TOYOTA,4RUNNER 4WD,4.0,6,AS5,298,2025,2.4,4,Auto(S8),415
TOYOTA,4RUNNER 4WD,4.0,6,AS5,298,2025,2.4,4,Auto(S8),380
TOYOTA,4RUNNER 4WD,4.0,6,AS5,298,2025,2.4,4,Auto(S8),380
TOYOTA,COROLLA,1.8,4,A4,179,2025,2.0,4,Auto(AV),257
TOYOTA,COROLLA,1.8,4,A4,179,2025,2.0,4,Auto(AV),254
TOYOTA,COROLLA,1.8,4,A4,179,2025,2.0,4,Auto(AV-S10),265
TOYOTA,COROLLA,1.8,4,AV,171,2025,2.0,4,Auto(AV),257
TOYOTA,COROLLA,1.8,4,AV,171,2025,2.0,4,Auto(AV),254
TOYOTA,COROLLA,1.8,4,AV,171,2025,2.0,4,Auto(AV-S10),265
TOYOTA,COROLLA,1.8,4,AV7,166,2025,2.0,4,Auto(AV),257
TOYOTA,COROLLA,1.8,4,AV7,166,2025,2.0,4,Auto(AV),254
TOYOTA,COROLLA,1.8,4,AV7,166,2025,2.0,4,Auto(AV-S10),265
TOYOTA,COROLLA,1.8,4,M6,174,2025,2.0,4,Auto(AV),257
TOYOTA,COROLLA,1.8,4,M6,174,2025,2.0,4,Auto(AV),254
TOYOTA,COROLLA,1.8,4,M6,174,2025,2.0,4,Auto(AV-S10),265
TOYOTA,HIGHLANDER,3.5,6,AS6,260,2025,2.4,4,Auto(S8),370
TOYOTA,HIGHLANDER,3.5,6,AS6,260,2025,2.4,4,Auto(S8),359
TOYOTA,HIGHLANDER AWD,3.5,6,AS6,272,2025,2.4,4,Auto(S8),371
TOYOTA,HIGHLANDER HYBRID AWD,3.5,6,AV6,198,2025,2.5,4,Auto(AV-S6),254
TOYOTA,PRIUS,1.8,4,AV,104,2025,2.0,4,Auto(AV),155
TOYOTA,RAV4,2.5,4,AS6,212,2025,2.5,4,Auto(S8),292
TOYOTA,RAV4 AWD,2.5,4,AS6,220,2025,2.5,4,Auto(S8),320
TOYOTA,RAV4 AWD,2.5,4,AS6,220,2025,2.5,4,Auto(S8),301
TOYOTA,RAV4 HYBRID AWD,2.5,4,AV6,169,2025,2.5,4,Auto(AV-S6),224
TOYOTA,SEQUOIA 4WD,5.7,8,AS6,382,2025,3.4,6,Auto(S10),439
TOYOTA,SIENNA,3.5,6,AS6,267,2025,2.5,4,Auto(AV-S6),246
TOYOTA,SIENNA AWD,3.5,6,AS6,290,2025,2.5,4,Auto(AV-S6),253
TOYOTA,TACOMA 4WD,2.7,4,AS6,274,2025,2.4,4,Auto(S8),424
TOYOTA,TACOMA 4WD,2.7,4,M5,279,2025,2.4,4,Auto(S8),424
TOYOTA,TACOMA 4WD,3.5,6,AS6,280,2025,2.4,4,Auto(S8),424
TOYOTA,TACOMA 4WD,3.5,6,M6,292,2025,2.4,4,Auto(S8),424
TOYOTA,TUNDRA 4WD,4.6,8,AS6,351,2025,3.4,6,Auto(S10),468
TOYOTA,TUNDRA 4WD,4.6,8,AS6,351,2025,3.4,6,Auto(S10),460
TOYOTA,TUNDRA 4WD,4.6,8,AS6,351,2025,3.4,6,Auto(S10),439
TOYOTA,TUNDRA 4WD,5.7,8,AS6,380,2025,3.4,6,Auto(S10),468
TOYOTA,TUNDRA 4WD,5.7,8,AS6,380,2025,3.4,6,Auto(S10),460
TOYOTA,TUNDRA 4WD,5.7,8,AS6,380,2025,3.4,6,Auto(S10),439
BMW,230I COUPE,2.0,4,AS8,197,2025,2.0,4,Auto(S8),296
BMW,230I COUPE,2.0,4,M6,219,2025,2.0,4,Auto(S8),296
BMW,230I XDRIVE COUPE,2.0,4,AS8,210,2025,2.0,4,Auto(S8),313
BMW,430I XDRIVE COUPE,2.0,4,AS8,213,2025,2.0,4,Auto(S8),294
BMW,430I XDRIVE GRAN COUPE,2.0,4,AS8,213,2025,2.0,4,Auto(S8),305
BMW,M240I COUPE,3.0,6,AS8,224,2025,3.0,6,Auto(S8),339
BMW,M240I COUPE,3.0,6,M6,250,2025,3.0,6,Auto(S8),339
BMW,M240I XDRIVE COUPE,3.0,6,AS8,228,2025,3.0,6,Auto(S8),336
BMW,M4 COUPE,3.0,6,AM7,284,2025,3.0,6,Manual(M6),472
BMW,M4 COUPE,3.0,6,M6,273,2025,3.0,6,Manual(M6),472
BMW,X1 XDRIVE28I,2.0,4,AS8,213,2025,2.0,4,Auto(AM-S7),318
BMW,X4 M40I,3.0,6,AS8,260,2025,3.0,6,Auto(S8),377
HONDA,ACCORD,2.4,4,AV7,190,2025,1.5,4,Auto(AV),277
HONDA,ACCORD,2.4,4,AV7,190,2025,2.0,4,Auto(AV),184
HONDA,ACCORD,2.4,4,M6,210,2025,1.5,4,Auto(AV),277
HONDA,ACCORD,2.4,4,M6,210,2025,2.0,4,Auto(AV),184
HONDA,CR-V AWD,1.5,4,AV,188,2025,1.5,4,Auto(AV),312
HONDA,CR-V AWD,1.5,4,AV,188,2025,2.0,4,Auto(AV),237
HONDA,HR-V AWD,1.8,4,AV,194,2025,2.0,4,Auto(AV),326
HONDA,HR-V AWD,1.8,4,AV7,194,2025,2.0,4,Auto(AV),326
HONDA,PILOT AWD,3.5,6,A6,266,2025,3.5,6,Auto(S10),415
HONDA,PILOT AWD,3.5,6,AS9,256,2025,3.5,6,Auto(S10),415
HYUNDAI,ELANTRA,2.0,4,AS6,174,2025,2.0,4,Auto(AV-S1),263
HYUNDAI,ELANTRA,2.0,4,AS6,174,2025,2.0,4,Auto(AV-S1),246
HYUNDAI,ELANTRA,2.0,4,M6,187,2025,2.0,4,Auto(AV-S1),263
HYUNDAI,ELANTRA,2.0,4,M6,187,2025,2.0,4,Auto(AV-S1),246
HYUNDAI,SANTA FE AWD,3.3,6,AS6,269,2025,2.5,4,Auto(AM-S8),390
HYUNDAI,SONATA HYBRID,2.0,4,AS6,143,2025,2.0,4,Auto(AM-S6),188
HYUNDAI,TUCSON AWD,2.0,4,AS6,241,2025,2.5,4,Auto(S8),339
KIA,NIRO,1.6,4,AM6,114,2025,1.6,4,Auto(AM-S6),181
KIA,NIRO FE,1.6,4,AM6,110,2025,1.6,4,Auto(AM-S6),167
KIA,SORENTO AWD,2.0,4,AS6,259,2025,2.5,4,Auto(AM-S8),389
KIA,SORENTO AWD,2.0,4,AS6,259,2025,2.5,4,Auto(S8),357
KIA,SORENTO AWD,2.4,4,AS6,246,2025,2.5,4,Auto(AM-S8),389
KIA,SORENTO AWD,2.4,4,AS6,246,2025,2.5,4,Auto(S8),357
KIA,SORENTO AWD,3.3,6,AS6,289,2025,2.5,4,Auto(AM-S8),389
KIA,SORENTO AWD,3.3,6,AS6,289,2025,2.5,4,Auto(S8),357
KIA,SOUL,1.6,4,AS6,205,2025,2.0,4,Auto(AV),302
KIA,SOUL,1.6,4,M6,208,2025,2.0,4,Auto(AV),302
KIA,SOUL,2.0,4,AS6,206,2025,2.0,4,Auto(AV),302
KIA,SPORTAGE AWD,2.0,4,AS6,263,2025,2.5,4,Auto(S8),361
KIA,SPORTAGE AWD,2.4,4,AS6,247,2025,2.5,4,Auto(S8),361
MAZDA,CX-5 4WD,2.5,4,AS6,221,2025,2.5,4,Auto(S6),370
MAZDA,CX-5 4WD,2.5,4,AS6,221,2025,2.5,4,Auto(S6),348
MAZDA,CX-5 4WD,2.5,4,AS6,221,2025,2.5,4,Auto(S6),321
MAZDA,MX-5,2.0,4,AS6,187,2025,2.0,4,Auto(S6),301
MAZDA,MX-5,2.0,4,AS6,187,2025,2.0,4,Manual(M6),305
MERCEDES-BENZ,AMG G 63,5.5,8,AS7,413,2025,4.0,8,Auto(A9),608
MERCEDES-BENZ,C 300 4MATIC,2.0,4,AS7,212,2025,2.0,4,Auto(A9),329
MERCEDES-BENZ,CLA 250,2.0,4,AS7,190,2025,2.0,4,Auto(AM8),298
MERCEDES-BENZ,G 550,4.0,8,AS7,401,2025,3.0,6,Auto(A9),490
MERCEDES-BENZ,GLA 250 4MATIC,2.0,4,AS7,212,2025,2.0,4,Auto(AM8),315
MERCEDES-BENZ,GLA 250 4MATIC,2.0,4,AS7,128,2025,2.0,4,Auto(AM8),315
MERCEDES-BENZ,GLS 450 4MATIC,3.0,6,A9,306,2025,3.0,6,Auto(A9),428
NISSAN,ARMADA 4WD,5.6,8,AS7,362,2025,3.5,6,Auto(S9),524
NISSAN,FRONTIER 4WD,4.0,6,A5,326,2025,3.8,6,Auto(S9),470
NISSAN,FRONTIER 4WD,4.0,6,M6,317,2025,3.8,6,Auto(S9),470
NISSAN,MURANO AWD,3.5,6,AV7,232,2025,2.0,4,Auto(S9),387
NISSAN,PATHFINDER 4WD,3.5,6,AV,250,2025,3.5,6,Auto(S9),379
NISSAN,PATHFINDER 4WD PLATINUM,3.5,6,AV,258,2025,3.5,6,Auto(S9),400
NISSAN,ROGUE AWD,2.5,4,AV,203,2025,1.5,3,Auto(AV-S8),287
NISSAN,SENTRA,1.8,4,AV,171,2025,2.0,4,Auto(AV),262
NISSAN,SENTRA,1.8,4,M6,187,2025,2.0,4,Auto(AV),262
NISSAN,VERSA,1.6,4,AV,164,2025,1.6,4,Auto(AV),253
NISSAN,VERSA,1.6,4,AV,164,2025,1.6,4,Manual(M5),296
NISSAN,VERSA,1.6,4,M5,180,2025,1.6,4,Auto(AV),253
NISSAN,VERSA,1.6,4,M5,180,2025,1.6,4,Manual(M5),296
PORSCHE,911 CARRERA,3.0,6,AM7,221,2025,3.0,6,Auto(AM-S8),424
PORSCHE,911 CARRERA,3.0,6,M7,237,2025,3.0,6,Auto(AM-S8),424
PORSCHE,911 CARRERA CABRIOLET,3.0,6,AM7,227,2025,3.0,6,Auto(AM-S8),429
PORSCHE,911 CARRERA CABRIOLET,3.0,6,M7,241,2025,3.0,6,Auto(AM-S8),429
PORSCHE,911 TURBO,3.8,6,AM7,266,2025,3.7,6,Auto(AM-S8),534
PORSCHE,911 TURBO CABRIOLET,3.8,6,AM7,267,2025,3.7,6,Auto(AM-S8),546
PORSCHE,911 TURBO S,3.8,6,AM7,266,2025,3.7,6,Auto(AM-S8),556
PORSCHE,911 TURBO S CABRIOLET,3.8,6,AM7,267,2025,3.7,6,Auto(AM-S8),549
PORSCHE,CAYENNE,3.6,6,A8,268,2025,3.0,6,Auto(S8),469
PORSCHE,CAYENNE S,3.6,6,A8,281,2025,4.0,8,Auto(S8),492
PORSCHE,MACAN,2.0,4,A7,248,2025,2.0,4,Auto(AM-S7),424
PORSCHE,MACAN S,3.0,6,A7,285,2025,2.9,6,Auto(AM-S7),466
PORSCHE,MACAN GTS,3.0,6,A7,287,2025,2.9,6,Auto(AM-S7),466
ROLLS-ROYCE,GHOST,6.6,12,AS8,390,2025,6.7,12,Auto(S8),609
ROLLS-ROYCE,PHANTOM,6.7,12,AS8,400,2025,6.7,12,Auto(S8),609
SUBARU,BRZ,2.0,4,AS6,200,2025,2.4,4,Auto(S6),362
SUBARU,BRZ,2.0,4,AS6,200,2025,2.4,4,Manual(M6),398
SUBARU,BRZ,2.0,4,M6,228,2025,2.4,4,Auto(S6),362
SUBARU,BRZ,2.0,4,M6,228,2025,2.4,4,Manual(M6),398
SUBARU,CROSSTREK AWD,2.0,4,AV6,193,2025,2.0,4,Auto(AV-S8),300
SUBARU,CROSSTREK AWD,2.0,4,AV6,193,2025,2.5,4,Auto(AV-S8),305
SUBARU,CROSSTREK AWD,2.0,4,M5,216,2025,2.0,4,Auto(AV-S8),300
SUBARU,CROSSTREK AWD,2.0,4,M5,216,2025,2.5,4,Auto(AV-S8),305
SUBARU,FORESTER AWD,2.0,4,AV8,223,2025,2.5,4,Auto(AV-S8),310
SUBARU,FORESTER AWD,2.5,4,AV6,196,2025,2.5,4,Auto(AV-S8),310
SUBARU,FORESTER AWD,2.5,4,M6,228,2025,2.5,4,Auto(AV-S8),310
SUBARU,OUTBACK AWD,2.5,4,AV6,198,2025,2.4,4,Auto(AV-S8),356
SUBARU,OUTBACK AWD,2.5,4,AV6,198,2025,2.5,4,Auto(AV-S8),314
SUBARU,OUTBACK AWD,2.5,4,M6,229,2025,2.4,4,Auto(AV-S8),356
SUBARU,OUTBACK AWD,2.5,4,M6,229,2025,2.5,4,Auto(AV-S8),314
SUBARU,OUTBACK AWD,3.6,6,AV6,247,2025,2.4,4,Auto(AV-S8),356
SUBARU,OUTBACK AWD,3.6,6,AV6,247,2025,2.5,4,Auto(AV-S8),314
TOYOTA,4RUNNER 4WD,4.0,6,AS5,310,2025,2.4,4,Auto(S8),417
TOYOTA,4RUNNER 4WD,4.0,6,AS5,310,2025,2.4,4,Auto(S8),415
TOYOTA,4RUNNER 4WD,4.0,6,AS5,310,2025,2.4,4,Auto(S8),380
TOYOTA,4RUNNER 4WD,4.0,6,AS5,310,2025,2.4,4,Auto(S8),380
TOYOTA,COROLLA,1.8,4,AV,174,2025,2.0,4,Auto(AV),257
TOYOTA,COROLLA,1.8,4,AV,174,2025,2.0,4,Auto(AV),254
TOYOTA,COROLLA,1.8,4,AV,174,2025,2.0,4,Auto(AV-S10),265
TOYOTA,COROLLA,1.8,4,AV7,178,2025,2.0,4,Auto(AV),257
TOYOTA,COROLLA,1.8,4,AV7,178,2025,2.0,4,Auto(AV),254
TOYOTA,COROLLA,1.8,4,AV7,178,2025,2.0,4,Auto(AV-S10),265
TOYOTA,COROLLA,1.8,4,M6,176,2025,2.0,4,Auto(AV),257
TOYOTA,COROLLA,1.8,4,M6,176,2025,2.0,4,Auto(AV),254
TOYOTA,COROLLA,1.8,4,M6,176,2025,2.0,4,Auto(AV-S10),265
TOYOTA,HIGHLANDER,3.5,6,AS8,243,2025,2.4,4,Auto(S8),370
TOYOTA,HIGHLANDER,3.5,6,AS8,243,2025,2.4,4,Auto(S8),359
TOYOTA,HIGHLANDER AWD,3.5,6,AS8,251,2025,2.4,4,Auto(S8),371
TOYOTA,HIGHLANDER HYBRID AWD,3.5,6,AV6,193,2025,2.5,4,Auto(AV-S6),254
TOYOTA,PRIUS,1.8,4,AV,105,2025,2.0,4,Auto(AV),155
TOYOTA,RAV4,2.5,4,AS6,217,2025,2.5,4,Auto(S8),292
TOYOTA,RAV4 AWD,2.5,4,AS6,222,2025,2.5,4,Auto(S8),320
TOYOTA,RAV4 AWD,2.5,4,AS6,222,2025,2.5,4,Auto(S8),301
TOYOTA,RAV4 HYBRID AWD,2.5,4,AV6,170,2025,2.5,4,Auto(AV-S6),224
TOYOTA,SEQUOIA 4WD,5.7,8,AS6,380,2025,3.4,6,Auto(S10),439
TOYOTA,SIENNA,3.5,6,AS8,255,2025,2.5,4,Auto(AV-S6),246
TOYOTA,SIENNA AWD,3.5,6,AS8,274,2025,2.5,4,Auto(AV-S6),253
TOYOTA,TACOMA 4WD,2.7,4,AS6,274,2025,2.4,4,Auto(S8),424
TOYOTA,TACOMA 4WD,2.7,4,M5,279,2025,2.4,4,Auto(S8),424
TOYOTA,TACOMA 4WD,3.5,6,AS6,283,2025,2.4,4,Auto(S8),424
TOYOTA,TACOMA 4WD,3.5,6,M6,301,2025,2.4,4,Auto(S8),424
TOYOTA,TUNDRA 4WD,4.6,8,AS6,349,2025,3.4,6,Auto(S10),468
TOYOTA,TUNDRA 4WD,4.6,8,AS6,349,2025,3.4,6,Auto(S10),460
TOYOTA,TUNDRA 4WD,4.6,8,AS6,349,2025,3.4,6,Auto(S10),439
TOYOTA,TUNDRA 4WD,5.7,8,AS6,378,2025,3.4,6,Auto(S10),468
TOYOTA,TUNDRA 4WD,5.7,8,AS6,378,2025,3.4,6,Auto(S10),460
TOYOTA,TUNDRA 4WD,5.7,8,AS6,378,2025,3.4,6,Auto(S10),439
BMW,230I COUPE,2.0,4,AS8,197,2025,2.0,4,Auto(S8),296
BMW,230I COUPE,2.0,4,M6,219,2025,2.0,4,Auto(S8),296
BMW,230I XDRIVE COUPE,2.0,4,AS8,202,2025,2.0,4,Auto(S8),313
BMW,430I XDRIVE COUPE,2.0,4,AS8,208,2025,2.0,4,Auto(S8),294
BMW,430I XDRIVE GRAN COUPE,2.0,4,AS8,208,2025,2.0,4,Auto(S8),305
BMW,M240I COUPE,3.0,6,AS8,222,2025,3.0,6,Auto(S8),339
BMW,M240I COUPE,3.0,6,M6,249,2025,3.0,6,Auto(S8),339
BMW,M240I XDRIVE COUPE,3.0,6,AS8,227,2025,3.0,6,Auto(S8),336
BMW,M4 COUPE,3.0,6,AM7,280,2025,3.0,6,Manual(M6),472
BMW,M4 COUPE,3.0,6,M6,273,2025,3.0,6,Manual(M6),472
BMW,X1 XDRIVE28I,2.0,4,AS8,217,2025,2.0,4,Auto(AM-S7),318
BMW,X2 XDRIVE28I,2.0,4,AS8,222,2025,2.0,4,Auto(AM-S7),318
BMW,X3 XDRIVE30I,2.0,4,AS8,223,2025,2.0,4,Auto(S8),299
BMW,X4 M40I,3.0,6,AS8,266,2025,3.0,6,Auto(S8),377
HONDA,ACCORD,1.5,4,AV,168,2025,1.5,4,Auto(AV),277
HONDA,ACCORD,1.5,4,AV,168,2025,2.0,4,Auto(AV),184
HONDA,ACCORD,1.5,4,AV7,177,2025,1.5,4,Auto(AV),277
HONDA,ACCORD,1.5,4,AV7,177,2025,2.0,4,Auto(AV),184
HONDA,ACCORD,1.5,4,M6,185,2025,1.5,4,Auto(AV),277
HONDA,ACCORD,1.5,4,M6,185,2025,2.0,4,Auto(AV),184
HONDA,ACCORD,2.0,4,M6,214,2025,1.5,4,Auto(AV),277
HONDA,ACCORD,2.0,4,M6,214,2025,2.0,4,Auto(AV),184
HONDA,ACCORD SPORT/TOURING,2.0,4,AS10,211,2025,2.0,4,Auto(AV),201
HONDA,CR-V AWD,1.5,4,AV,188,2025,1.5,4,Auto(AV),312
HONDA,CR-V AWD,1.5,4,AV,188,2025,2.0,4,Auto(AV),237
HONDA,HR-V AWD,1.8,4,AV,194,2025,2.0,4,Auto(AV),326
HONDA,HR-V AWD,1.8,4,AV7,194,2025,2.0,4,Auto(AV),326
HONDA,PILOT AWD,3.5,6,A6,266,2025,3.5,6,Auto(S10),415
HONDA,PILOT AWD,3.5,6,AS9,256,2025,3.5,6,Auto(S10),415
HYUNDAI,ELANTRA,1.6,4,AM7,189,2025,2.0,4,Auto(AV-S1),263
HYUNDAI,ELANTRA,1.6,4,AM7,189,2025,2.0,4,Auto(AV-S1),246
HYUNDAI,ELANTRA,1.6,4,M6,221,2025,2.0,4,Auto(AV-S1),263
HYUNDAI,ELANTRA,1.6,4,M6,221,2025,2.0,4,Auto(AV-S1),246
HYUNDAI,ELANTRA,2.0,4,AS6,174,2025,2.0,4,Auto(AV-S1),263
HYUNDAI,ELANTRA,2.0,4,AS6,174,2025,2.0,4,Auto(AV-S1),246
HYUNDAI,ELANTRA,2.0,4,M6,188,2025,2.0,4,Auto(AV-S1),263
HYUNDAI,ELANTRA,2.0,4,M6,188,2025,2.0,4,Auto(AV-S1),246
HYUNDAI,KONA AWD,1.6,4,AM7,201,2025,1.6,4,Auto(S8),339
HYUNDAI,KONA AWD,1.6,4,AM7,201,2025,2.0,4,Auto(AV-S1),323
HYUNDAI,KONA AWD,1.6,4,AM7,201,2025,2.0,4,Auto(AV-S1),319
HYUNDAI,KONA AWD,2.0,4,AS6,202,2025,1.6,4,Auto(S8),339
HYUNDAI,KONA AWD,2.0,4,AS6,202,2025,2.0,4,Auto(AV-S1),323
HYUNDAI,KONA AWD,2.0,4,AS6,202,2025,2.0,4,Auto(AV-S1),319
HYUNDAI,SANTA FE AWD,3.3,6,AS6,269,2025,2.5,4,Auto(AM-S8),390
HYUNDAI,SONATA HYBRID,2.0,4,AM6,135,2025,2.0,4,Auto(AM-S6),188
HYUNDAI,TUCSON AWD,1.6,4,AM7,221,2025,2.5,4,Auto(S8),339
HYUNDAI,TUCSON AWD,2.0,4,AS6,241,2025,2.5,4,Auto(S8),339
KIA,NIRO,1.6,4,AM6,114,2025,1.6,4,Auto(AM-S6),181
KIA,NIRO FE,1.6,4,AM6,110,2025,1.6,4,Auto(AM-S6),167
KIA,SORENTO AWD,2.0,4,AS6,259,2025,2.5,4,Auto(AM-S8),389
KIA,SORENTO AWD,2.0,4,AS6,259,2025,2.5,4,Auto(S8),357
KIA,SORENTO AWD,2.4,4,AS6,246,2025,2.5,4,Auto(AM-S8),389
KIA,SORENTO AWD,2.4,4,AS6,246,2025,2.5,4,Auto(S8),357
KIA,SORENTO AWD,3.3,6,AS6,289,2025,2.5,4,Auto(AM-S8),389
KIA,SORENTO AWD,3.3,6,AS6,289,2025,2.5,4,Auto(S8),357
KIA,SOUL,1.6,4,AM7,199,2025,2.0,4,Auto(AV),302
KIA,SOUL,1.6,4,AS6,205,2025,2.0,4,Auto(AV),302
KIA,SOUL,2.0,4,AS6,206,2025,2.0,4,Auto(AV),302
KIA,SPORTAGE AWD,2.0,4,AS6,263,2025,2.5,4,Auto(S8),361
KIA,SPORTAGE AWD,2.4,4,AS6,247,2025,2.5,4,Auto(S8),361
MAZDA,CX-5 4WD,2.5,4,AS6,217,2025,2.5,4,Auto(S6),370
MAZDA,CX-5 4WD,2.5,4,AS6,217,2025,2.5,4,Auto(S6),348
MAZDA,CX-5 4WD,2.5,4,AS6,217,2025,2.5,4,Auto(S6),321
MAZDA,MX-5,2.0,4,AS6,188,2025,2.0,4,Auto(S6),301
MAZDA,MX-5,2.0,4,AS6,188,2025,2.0,4,Manual(M6),305
MERCEDES-BENZ,AMG C 43 4MATIC,3.0,6,A9,244,2025,2.0,4,Auto(A9),405
MERCEDES-BENZ,AMG G 63,5.5,8,A7,419,2025,4.0,8,Auto(A9),608
MERCEDES-BENZ,AMG GLC 43 4MATIC,3.0,6,A9,277,2025,2.0,4,Auto(A9),423
MERCEDES-BENZ,C 300 4MATIC,2.0,4,A9,214,2025,2.0,4,Auto(A9),329
MERCEDES-BENZ,CLA 250,2.0,4,AM7,193,2025,2.0,4,Auto(AM8),298
MERCEDES-BENZ,CLA 250 4MATIC,2.0,4,AM7,204,2025,2.0,4,Auto(AM8),311
MERCEDES-BENZ,G 550,4.0,8,A7,410,2025,3.0,6,Auto(A9),490
MERCEDES-BENZ,GLA 250 4MATIC,2.0,4,AM7,209,2025,2.0,4,Auto(AM8),315
MERCEDES-BENZ,GLS 450 4MATIC,3.0,6,A9,305,2025,3.0,6,Auto(A9),428
NISSAN,ARMADA 4WD,5.6,8,AS7,362,2025,3.5,6,Auto(S9),524
NISSAN,FRONTIER 4WD,4.0,6,A5,326,2025,3.8,6,Auto(S9),470
NISSAN,FRONTIER 4WD,4.0,6,M6,317,2025,3.8,6,Auto(S9),470
NISSAN,KICKS,1.6,4,AV,169,2025,2.0,4,Auto(AV),287
NISSAN,MURANO AWD,3.5,6,AV7,232,2025,2.0,4,Auto(S9),387
NISSAN,PATHFINDER 4WD,3.5,6,AV,250,2025,3.5,6,Auto(S9),379
NISSAN,PATHFINDER 4WD PLATINUM,3.5,6,AV,259,2025,3.5,6,Auto(S9),400
NISSAN,ROGUE AWD,2.5,4,AV,205,2025,1.5,3,Auto(AV-S8),287
NISSAN,SENTRA,1.8,4,AV,172,2025,2.0,4,Auto(AV),262
NISSAN,SENTRA,1.8,4,M6,187,2025,2.0,4,Auto(AV),262
NISSAN,VERSA,1.6,4,AV,164,2025,1.6,4,Auto(AV),253
NISSAN,VERSA,1.6,4,AV,164,2025,1.6,4,Manual(M5),296
NISSAN,VERSA,1.6,4,M5,180,2025,1.6,4,Auto(AV),253
NISSAN,VERSA,1.6,4,M5,180,2025,1.6,4,Manual(M5),296
PORSCHE,911 CARRERA,3.0,6,AM7,221,2025,3.0,6,Auto(AM-S8),424
PORSCHE,911 CARRERA,3.0,6,M7,237,2025,3.0,6,Auto(AM-S8),424
PORSCHE,911 CARRERA CABRIOLET,3.0,6,AM7,227,2025,3.0,6,Auto(AM-S8),429
PORSCHE,911 CARRERA CABRIOLET,3.0,6,M7,241,2025,3.0,6,Auto(AM-S8),429
PORSCHE,911 CARRERA GTS CABRIOLET,3.0,6,AM7,249,2025,3.6,6,Auto(AM-S8),459
PORSCHE,911 CARRERA GTS CABRIOLET,3.0,6,AM7,249,2025,3.6,6,Auto(AM-S8),459
PORSCHE,911 CARRERA GTS CABRIOLET,3.0,6,M7,258,2025,3.6,6,Auto(AM-S8),459
PORSCHE,911 CARRERA GTS CABRIOLET,3.0,6,M7,258,2025,3.6,6,Auto(AM-S8),459
PORSCHE,911 CARRERA 4 GTS,3.0,6,AM7,248,2025,3.6,6,Auto(AM-S8),461
PORSCHE,911 CARRERA 4 GTS,3.0,6,M7,257,2025,3.6,6,Auto(AM-S8),461
PORSCHE,911 CARRERA 4 GTS CABRIOLET,3.0,6,AM7,250,2025,3.6,6,Auto(AM-S8),468
PORSCHE,911 CARRERA 4 GTS CABRIOLET,3.0,6,M7,260,2025,3.6,6,Auto(AM-S8),468
PORSCHE,911 TARGA 4 GTS,3.0,6,AM7,251,2025,3.6,6,Auto(AM-S8),468
PORSCHE,911 TARGA 4 GTS,3.0,6,M7,266,2025,3.6,6,Auto(AM-S8),468
PORSCHE,911 TURBO,3.8,6,AM7,266,2025,3.7,6,Auto(AM-S8),534
PORSCHE,911 TURBO CABRIOLET,3.8,6,AM7,267,2025,3.7,6,Auto(AM-S8),546
PORSCHE,911 TURBO S,3.8,6,AM7,266,2025,3.7,6,Auto(AM-S8),556
PORSCHE,911 TURBO S CABRIOLET,3.8,6,AM7,267,2025,3.7,6,Auto(AM-S8),549
PORSCHE,CAYENNE,3.6,6,A8,268,2025,3.0,6,Auto(S8),469
PORSCHE,CAYENNE S,3.6,6,A8,281,2025,4.0,8,Auto(S8),492
PORSCHE,MACAN,2.0,4,A7,248,2025,2.0,4,Auto(AM-S7),424
PORSCHE,MACAN GTS,3.0,6,A7,287,2025,2.9,6,Auto(AM-S7),466
PORSCHE,MACAN S,3.0,6,A7,285,2025,2.9,6,Auto(AM-S7),466
PORSCHE,PANAMERA,3.0,6,AM8,229,2025,2.9,6,Auto(AM-S8),431
PORSCHE,PANAMERA 4,3.0,6,AM8,235,2025,2.9,6,Auto(AM-S8),425
ROLLS-ROYCE,GHOST,6.6,12,AS8,397,2025,6.7,12,Auto(S8),609
ROLLS-ROYCE,PHANTOM,6.7,12,AS8,387,2025,6.7,12,Auto(S8),609
SUBARU,BRZ,2.0,4,AS6,200,2025,2.4,4,Auto(S6),362
SUBARU,BRZ,2.0,4,AS6,200,2025,2.4,4,Manual(M6),398
SUBARU,BRZ,2.0,4,M6,229,2025,2.4,4,Auto(S6),362
SUBARU,BRZ,2.0,4,M6,229,2025,2.4,4,Manual(M6),398
SUBARU,CROSSTREK AWD,2.0,4,AV7,188,2025,2.0,4,Auto(AV-S8),300
SUBARU,CROSSTREK AWD,2.0,4,AV7,188,2025,2.5,4,Auto(AV-S8),305
SUBARU,CROSSTREK AWD,2.0,4,M6,220,2025,2.0,4,Auto(AV-S8),300
SUBARU,CROSSTREK AWD,2.0,4,M6,220,2025,2.5,4,Auto(AV-S8),305
SUBARU,FORESTER AWD,2.0,4,AV8,223,2025,2.5,4,Auto(AV-S8),310
SUBARU,FORESTER AWD,2.5,4,AV6,196,2025,2.5,4,Auto(AV-S8),310
SUBARU,FORESTER AWD,2.5,4,M6,228,2025,2.5,4,Auto(AV-S8),310
SUBARU,OUTBACK AWD,2.5,4,AV7,198,2025,2.4,4,Auto(AV-S8),356
SUBARU,OUTBACK AWD,2.5,4,AV7,198,2025,2.5,4,Auto(AV-S8),314
SUBARU,OUTBACK AWD,3.6,6,AV6,247,2025,2.4,4,Auto(AV-S8),356
SUBARU,OUTBACK AWD,3.6,6,AV6,247,2025,2.5,4,Auto(AV-S8),314
TOYOTA,4RUNNER 4WD,4.0,6,AS5,308,2025,2.4,4,Auto(S8),417
TOYOTA,4RUNNER 4WD,4.0,6,AS5,308,2025,2.4,4,Auto(S8),415
TOYOTA,4RUNNER 4WD,4.0,6,AS5,308,2025,2.4,4,Auto(S8),380
TOYOTA,4RUNNER 4WD,4.0,6,AS5,308,2025,2.4,4,Auto(S8),380
TOYOTA,COROLLA,1.8,4,AV,174,2025,2.0,4,Auto(AV),257
TOYOTA,COROLLA,1.8,4,AV,174,2025,2.0,4,Auto(AV),254
TOYOTA,COROLLA,1.8,4,AV,174,2025,2.0,4,Auto(AV-S10),265
TOYOTA,COROLLA,1.8,4,AV7,178,2025,2.0,4,Auto(AV),257
TOYOTA,COROLLA,1.8,4,AV7,178,2025,2.0,4,Auto(AV),254
TOYOTA,COROLLA,1.8,4,AV7,178,2025,2.0,4,Auto(AV-S10),265
TOYOTA,COROLLA,1.8,4,M6,178,2025,2.0,4,Auto(AV),257
TOYOTA,COROLLA,1.8,4,M6,178,2025,2.0,4,Auto(AV),254
TOYOTA,COROLLA,1.8,4,M6,178,2025,2.0,4,Auto(AV-S10),265
TOYOTA,HIGHLANDER,3.5,6,AS8,243,2025,2.4,4,Auto(S8),370
TOYOTA,HIGHLANDER,3.5,6,AS8,243,2025,2.4,4,Auto(S8),359
TOYOTA,HIGHLANDER AWD,3.5,6,AS8,251,2025,2.4,4,Auto(S8),371
TOYOTA,HIGHLANDER HYBRID AWD,3.5,6,AV6,193,2025,2.5,4,Auto(AV-S6),254
TOYOTA,PRIUS,1.8,4,AV,105,2025,2.0,4,Auto(AV),155
TOYOTA,RAV4 AWD,2.5,4,AS6,222,2025,2.5,4,Auto(S8),320
TOYOTA,RAV4 AWD,2.5,4,AS6,222,2025,2.5,4,Auto(S8),301
TOYOTA,RAV4 HYBRID AWD,2.5,4,AV6,171,2025,2.5,4,Auto(AV-S6),224
TOYOTA,SEQUOIA 4WD,5.7,8,AS6,384,2025,3.4,6,Auto(S10),439
TOYOTA,SIENNA,3.5,6,AS8,256,2025,2.5,4,Auto(AV-S6),246
TOYOTA,SIENNA AWD,3.5,6,AS8,274,2025,2.5,4,Auto(AV-S6),253
TOYOTA,TACOMA 4WD,2.7,4,AS6,274,2025,2.4,4,Auto(S8),424
TOYOTA,TACOMA 4WD,3.5,6,AS6,283,2025,2.4,4,Auto(S8),424
TOYOTA,TACOMA 4WD,3.5,6,M6,299,2025,2.4,4,Auto(S8),424
TOYOTA,TUNDRA 4WD,4.6,8,AS6,354,2025,3.4,6,Auto(S10),468
TOYOTA,TUNDRA 4WD,4.6,8,AS6,354,2025,3.4,6,Auto(S10),460
TOYOTA,TUNDRA 4WD,4.6,8,AS6,354,2025,3.4,6,Auto(S10),439
TOYOTA,TUNDRA 4WD,5.7,8,AS6,383,2025,3.4,6,Auto(S10),468
TOYOTA,TUNDRA 4WD,5.7,8,AS6,383,2025,3.4,6,Auto(S10),460
TOYOTA,TUNDRA 4WD,5.7,8,AS6,383,2025,3.4,6,Auto(S10),439
BMW,230I XDRIVE COUPE,2.0,4,AS8,202,2025,2.0,4,Auto(S8),313
BMW,430I XDRIVE COUPE,2.0,4,AS8,207,2025,2.0,4,Auto(S8),294
BMW,430I XDRIVE GRAN COUPE,2.0,4,AS8,207,2025,2.0,4,Auto(S8),305
BMW,M240I COUPE,3.0,6,AS8,227,2025,3.0,6,Auto(S8),339
BMW,M240I COUPE,3.0,6,M6,256,2025,3.0,6,Auto(S8),339
BMW,M240I XDRIVE COUPE,3.0,6,AS8,229,2025,3.0,6,Auto(S8),336
BMW,M4 COUPE,3.0,6,AM7,294,2025,3.0,6,Manual(M6),472
BMW,M4 COUPE,3.0,6,M6,273,2025,3.0,6,Manual(M6),472
BMW,M850I XDRIVE COUPE,4.4,8,AS8,269,2025,4.4,8,Auto(S8),456
BMW,X1 XDRIVE28I,2.0,4,AS8,217,2025,2.0,4,Auto(AM-S7),318
BMW,X2 XDRIVE28I,2.0,4,AS8,222,2025,2.0,4,Auto(AM-S7),318
BMW,X3 XDRIVE30I,2.0,4,AS8,223,2025,2.0,4,Auto(S8),299
BMW,X4 XDRIVE30I,2.0,4,AS8,223,2025,2.0,4,Auto(S8),372
BMW,X4 M40I,3.0,6,AS8,245,2025,3.0,6,Auto(S8),377
BMW,X5 XDRIVE40I,3.0,6,AS8,245,2025,3.0,6,Auto(S8),352
BMW,X7 XDRIVE40I,3.0,6,AS8,254,2025,3.0,6,Auto(S8),397
HONDA,ACCORD,1.5,4,AV,168,2025,1.5,4,Auto(AV),277
HONDA,ACCORD,1.5,4,AV,168,2025,2.0,4,Auto(AV),184
HONDA,ACCORD,1.5,4,AV7,177,2025,1.5,4,Auto(AV),277
HONDA,ACCORD,1.5,4,AV7,177,2025,2.0,4,Auto(AV),184
HONDA,ACCORD,1.5,4,M6,185,2025,1.5,4,Auto(AV),277
HONDA,ACCORD,1.5,4,M6,185,2025,2.0,4,Auto(AV),184
HONDA,ACCORD,2.0,4,M6,214,2025,1.5,4,Auto(AV),277
HONDA,ACCORD,2.0,4,M6,214,2025,2.0,4,Auto(AV),184
HONDA,ACCORD SPORT/TOURING,2.0,4,AS10,211,2025,2.0,4,Auto(AV),201
HONDA,CR-V AWD,1.5,4,AV,188,2025,1.5,4,Auto(AV),312
HONDA,CR-V AWD,1.5,4,AV,188,2025,2.0,4,Auto(AV),237
HONDA,HR-V AWD,1.8,4,AV,193,2025,2.0,4,Auto(AV),326
HONDA,HR-V AWD,1.8,4,AV7,199,2025,2.0,4,Auto(AV),326
HONDA,PASSPORT AWD,3.5,6,A9,265,2025,3.5,6,Auto(S9),416
HONDA,PILOT AWD,3.5,6,A6,266,2025,3.5,6,Auto(S10),415
HONDA,PILOT AWD,3.5,6,AS9,257,2025,3.5,6,Auto(S10),415
HYUNDAI,ELANTRA,1.6,4,AM7,189,2025,2.0,4,Auto(AV-S1),263
HYUNDAI,ELANTRA,1.6,4,AM7,189,2025,2.0,4,Auto(AV-S1),246
HYUNDAI,ELANTRA,1.6,4,M6,221,2025,2.0,4,Auto(AV-S1),263
HYUNDAI,ELANTRA,1.6,4,M6,221,2025,2.0,4,Auto(AV-S1),246
HYUNDAI,ELANTRA,2.0,4,AS6,174,2025,2.0,4,Auto(AV-S1),263
HYUNDAI,ELANTRA,2.0,4,AS6,174,2025,2.0,4,Auto(AV-S1),246
HYUNDAI,ELANTRA,2.0,4,M6,188,2025,2.0,4,Auto(AV-S1),263
HYUNDAI,ELANTRA,2.0,4,M6,188,2025,2.0,4,Auto(AV-S1),246
HYUNDAI,KONA AWD,1.6,4,AM7,201,2025,1.6,4,Auto(S8),339
HYUNDAI,KONA AWD,1.6,4,AM7,201,2025,2.0,4,Auto(AV-S1),323
HYUNDAI,KONA AWD,1.6,4,AM7,201,2025,2.0,4,Auto(AV-S1),319
HYUNDAI,KONA AWD,2.0,4,AS6,202,2025,1.6,4,Auto(S8),339
HYUNDAI,KONA AWD,2.0,4,AS6,202,2025,2.0,4,Auto(AV-S1),323
HYUNDAI,KONA AWD,2.0,4,AS6,202,2025,2.0,4,Auto(AV-S1),319
HYUNDAI,SANTA FE AWD,2.0,4,AS8,262,2025,2.5,4,Auto(AM-S8),390
HYUNDAI,SANTA FE AWD,2.4,4,AS8,237,2025,2.5,4,Auto(AM-S8),390
HYUNDAI,SONATA HYBRID,2.0,4,AM6,135,2025,2.0,4,Auto(AM-S6),188
HYUNDAI,TUCSON AWD,2.0,4,AS6,239,2025,2.5,4,Auto(S8),339
HYUNDAI,TUCSON AWD,2.4,4,AS6,240,2025,2.5,4,Auto(S8),339
KIA,NIRO,1.6,4,AM6,114,2025,1.6,4,Auto(AM-S6),181
KIA,NIRO FE,1.6,4,AM6,110,2025,1.6,4,Auto(AM-S6),167
KIA,SORENTO AWD,2.4,4,AS6,242,2025,2.5,4,Auto(AM-S8),389
KIA,SORENTO AWD,2.4,4,AS6,242,2025,2.5,4,Auto(S8),357
KIA,SORENTO AWD,3.3,6,AS8,265,2025,2.5,4,Auto(AM-S8),389
KIA,SORENTO AWD,3.3,6,AS8,265,2025,2.5,4,Auto(S8),357
KIA,SOUL,1.6,4,AM7,199,2025,2.0,4,Auto(AV),302
KIA,SOUL,1.6,4,AS6,198,2025,2.0,4,Auto(AV),302
KIA,SOUL,2.0,4,AS6,206,2025,2.0,4,Auto(AV),302
KIA,SPORTAGE AWD,2.0,4,AS6,263,2025,2.5,4,Auto(S8),361
KIA,SPORTAGE AWD,2.4,4,AS6,247,2025,2.5,4,Auto(S8),361
MAZDA,CX-5 4WD,2.5,4,AS6,217,2025,2.5,4,Auto(S6),370
MAZDA,CX-5 4WD,2.5,4,AS6,217,2025,2.5,4,Auto(S6),348
MAZDA,CX-5 4WD,2.5,4,AS6,217,2025,2.5,4,Auto(S6),321
MAZDA,MAZDA3 4-DOOR 4WD,2.5,4,AS6,192,2025,2.5,4,Auto(S6),334
MAZDA,MAZDA3 4-DOOR 4WD,2.5,4,AS6,192,2025,2.5,4,Auto(S6),301
MAZDA,MAZDA3 5-DOOR 4WD,2.5,4,AS6,204,2025,2.5,4,Auto(S6),337
MAZDA,MAZDA3 5-DOOR 4WD,2.5,4,AS6,204,2025,2.5,4,Auto(S6),311
MAZDA,MX-5,2.0,4,AS6,186,2025,2.0,4,Auto(S6),301
MAZDA,MX-5,2.0,4,AS6,186,2025,2.0,4,Manual(M6),305
MERCEDES-BENZ,AMG C 43 4MATIC,3.0,6,A9,253,2025,2.0,4,Auto(A9),405
MERCEDES-BENZ,AMG G 63,4.0,8,A9,396,2025,4.0,8,Auto(A9),608
MERCEDES-BENZ,AMG GLC 43 4MATIC,3.0,6,A9,262,2025,2.0,4,Auto(A9),423
MERCEDES-BENZ,C 300 4MATIC,2.0,4,A9,219,2025,2.0,4,Auto(A9),329
MERCEDES-BENZ,CLA 250,2.0,4,AM7,193,2025,2.0,4,Auto(AM8),298
MERCEDES-BENZ,CLA 250 4MATIC,2.0,4,AM7,204,2025,2.0,4,Auto(AM8),311
MERCEDES-BENZ,E 450 4MATIC,3.0,6,A9,244,2025,3.0,6,Auto(A9),355
MERCEDES-BENZ,G 550,4.0,8,A9,378,2025,3.0,6,Auto(A9),490
MERCEDES-BENZ,GLA 250 4MATIC,2.0,4,AM7,209,2025,2.0,4,Auto(AM8),315
MERCEDES-BENZ,GLS 450 4MATIC,3.0,6,A9,312,2025,3.0,6,Auto(A9),428
NISSAN,ALTIMA AWD,2.5,4,AV,186,2025,2.5,4,Auto(AV),317
NISSAN,ARMADA 4WD,5.6,8,AS7,364,2025,3.5,6,Auto(S9),524
NISSAN,FRONTIER 4WD,4.0,6,A5,326,2025,3.8,6,Auto(S9),470
NISSAN,FRONTIER 4WD,4.0,6,M6,317,2025,3.8,6,Auto(S9),470
NISSAN,KICKS,1.6,4,AV,169,2025,2.0,4,Auto(AV),287
NISSAN,MURANO AWD,3.5,6,AV7,242,2025,2.0,4,Auto(S9),387
NISSAN,PATHFINDER 4WD,3.5,6,AV,250,2025,3.5,6,Auto(S9),379
NISSAN,PATHFINDER 4WD PLATINUM,3.5,6,AV,259,2025,3.5,6,Auto(S9),400
NISSAN,ROGUE AWD,2.5,4,AV,204,2025,1.5,3,Auto(AV-S8),287
NISSAN,SENTRA,1.8,4,AV,172,2025,2.0,4,Auto(AV),262
NISSAN,SENTRA,1.8,4,M6,183,2025,2.0,4,Auto(AV),262
NISSAN,VERSA,1.6,4,AV,164,2025,1.6,4,Auto(AV),253
NISSAN,VERSA,1.6,4,AV,164,2025,1.6,4,Manual(M5),296
NISSAN,VERSA,1.6,4,M5,180,2025,1.6,4,Auto(AV),253
NISSAN,VERSA,1.6,4,M5,180,2025,1.6,4,Manual(M5),296
PORSCHE,911 CARRERA,3.0,6,AM7,221,2025,3.0,6,Auto(AM-S8),424
PORSCHE,911 CARRERA,3.0,6,M7,237,2025,3.0,6,Auto(AM-S8),424
PORSCHE,911 CARRERA CABRIOLET,3.0,6,AM7,227,2025,3.0,6,Auto(AM-S8),429
PORSCHE,911 CARRERA CABRIOLET,3.0,6,M7,241,2025,3.0,6,Auto(AM-S8),429
PORSCHE,911 CARRERA GTS CABRIOLET,3.0,6,AM7,249,2025,3.6,6,Auto(AM-S8),459
PORSCHE,911 CARRERA GTS CABRIOLET,3.0,6,AM7,249,2025,3.6,6,Auto(AM-S8),459
PORSCHE,911 CARRERA GTS CABRIOLET,3.0,6,M7,258,2025,3.6,6,Auto(AM-S8),459
PORSCHE,911 CARRERA GTS CABRIOLET,3.0,6,M7,258,2025,3.6,6,Auto(AM-S8),459
PORSCHE,911 CARRERA T,3.0,6,AM7,248,2025,3.0,6,Manual(M6),448
PORSCHE,911 CARRERA T,3.0,6,M7,286,2025,3.0,6,Manual(M6),448
PORSCHE,911 CARRERA 4 GTS,3.0,6,AM7,248,2025,3.6,6,Auto(AM-S8),461
PORSCHE,911 CARRERA 4 GTS,3.0,6,M7,257,2025,3.6,6,Auto(AM-S8),461
PORSCHE,911 CARRERA 4 GTS CABRIOLET,3.0,6,AM7,250,2025,3.6,6,Auto(AM-S8),468
PORSCHE,911 CARRERA 4 GTS CABRIOLET,3.0,6,M7,260,2025,3.6,6,Auto(AM-S8),468
PORSCHE,911 TARGA 4 GTS,3.0,6,AM7,251,2025,3.6,6,Auto(AM-S8),468
PORSCHE,911 TARGA 4 GTS,3.0,6,M7,266,2025,3.6,6,Auto(AM-S8),468
PORSCHE,911 TURBO,3.8,6,AM7,266,2025,3.7,6,Auto(AM-S8),534
PORSCHE,911 TURBO CABRIOLET,3.8,6,AM7,267,2025,3.7,6,Auto(AM-S8),546
PORSCHE,911 TURBO S,3.8,6,AM7,266,2025,3.7,6,Auto(AM-S8),556
PORSCHE,911 TURBO S CABRIOLET,3.8,6,AM7,267,2025,3.7,6,Auto(AM-S8),549
PORSCHE,CAYENNE,3.0,6,AS8,265,2025,3.0,6,Auto(S8),469
PORSCHE,CAYENNE S,2.9,6,AS8,275,2025,4.0,8,Auto(S8),492
PORSCHE,MACAN,2.0,4,AM7,264,2025,2.0,4,Auto(AM-S7),424
PORSCHE,MACAN S,3.0,6,AM7,272,2025,2.9,6,Auto(AM-S7),466
PORSCHE,PANAMERA,3.0,6,AM8,250,2025,2.9,6,Auto(AM-S8),431
PORSCHE,PANAMERA 4,3.0,6,AM8,253,2025,2.9,6,Auto(AM-S8),425
PORSCHE,PANAMERA GTS,4.0,8,AM8,295,2025,4.0,8,Auto(AM-S8),495
ROLLS-ROYCE,CULLINAN,6.7,12,AS8,382,2025,6.7,12,Auto(S8),609
ROLLS-ROYCE,GHOST,6.6,12,AS8,397,2025,6.7,12,Auto(S8),609
ROLLS-ROYCE,PHANTOM,6.7,12,AS8,382,2025,6.7,12,Auto(S8),609
SUBARU,ASCENT AWD,2.4,4,AV8,244,2025,2.4,4,Auto(AV-S8),398
SUBARU,BRZ,2.0,4,AS6,200,2025,2.4,4,Auto(S6),362
SUBARU,BRZ,2.0,4,AS6,200,2025,2.4,4,Manual(M6),398
SUBARU,BRZ,2.0,4,M6,231,2025,2.4,4,Auto(S6),362
SUBARU,BRZ,2.0,4,M6,231,2025,2.4,4,Manual(M6),398
SUBARU,CROSSTREK AWD,2.0,4,AV7,188,2025,2.0,4,Auto(AV-S8),300
SUBARU,CROSSTREK AWD,2.0,4,AV7,188,2025,2.5,4,Auto(AV-S8),305
SUBARU,CROSSTREK AWD,2.0,4,M6,220,2025,2.0,4,Auto(AV-S8),300
SUBARU,CROSSTREK AWD,2.0,4,M6,220,2025,2.5,4,Auto(AV-S8),305
SUBARU,FORESTER AWD,2.5,4,AV7,192,2025,2.5,4,Auto(AV-S8),310
SUBARU,OUTBACK AWD,2.5,4,AV7,198,2025,2.4,4,Auto(AV-S8),356
SUBARU,OUTBACK AWD,2.5,4,AV7,198,2025,2.5,4,Auto(AV-S8),314
SUBARU,OUTBACK AWD,3.6,6,AV6,247,2025,2.4,4,Auto(AV-S8),356
SUBARU,OUTBACK AWD,3.6,6,AV6,247,2025,2.5,4,Auto(AV-S8),314
TOYOTA,4RUNNER 4WD,4.0,6,AS5,308,2025,2.4,4,Auto(S8),417
TOYOTA,4RUNNER 4WD,4.0,6,AS5,308,2025,2.4,4,Auto(S8),415
TOYOTA,4RUNNER 4WD,4.0,6,AS5,308,2025,2.4,4,Auto(S8),380
TOYOTA,4RUNNER 4WD,4.0,6,AS5,308,2025,2.4,4,Auto(S8),380
TOYOTA,COROLLA,1.8,4,AV,174,2025,2.0,4,Auto(AV),257
TOYOTA,COROLLA,1.8,4,AV,174,2025,2.0,4,Auto(AV),254
TOYOTA,COROLLA,1.8,4,AV,174,2025,2.0,4,Auto(AV-S10),265
TOYOTA,COROLLA,1.8,4,AV7,178,2025,2.0,4,Auto(AV),257
TOYOTA,COROLLA,1.8,4,AV7,178,2025,2.0,4,Auto(AV),254
TOYOTA,COROLLA,1.8,4,AV7,178,2025,2.0,4,Auto(AV-S10),265
TOYOTA,COROLLA,1.8,4,M6,178,2025,2.0,4,Auto(AV),257
TOYOTA,COROLLA,1.8,4,M6,178,2025,2.0,4,Auto(AV),254
TOYOTA,COROLLA,1.8,4,M6,178,2025,2.0,4,Auto(AV-S10),265
TOYOTA,COROLLA HATCHBACK,2.0,4,AV10,157,2025,2.0,4,Auto(AV-S10),254
TOYOTA,COROLLA HATCHBACK,2.0,4,M6,174,2025,2.0,4,Auto(AV-S10),254
TOYOTA,HIGHLANDER,3.5,6,AS8,243,2025,2.4,4,Auto(S8),370
TOYOTA,HIGHLANDER,3.5,6,AS8,243,2025,2.4,4,Auto(S8),359
TOYOTA,HIGHLANDER AWD,3.5,6,AS8,250,2025,2.4,4,Auto(S8),371
TOYOTA,HIGHLANDER HYBRID AWD,3.5,6,AV6,193,2025,2.5,4,Auto(AV-S6),254
TOYOTA,PRIUS,1.8,4,AV,105,2025,2.0,4,Auto(AV),155
TOYOTA,PRIUS AWD,1.8,4,AV,109,2025,2.0,4,Auto(AV),163
TOYOTA,RAV4,2.5,4,AS8,183,2025,2.5,4,Auto(S8),292
TOYOTA,RAV4 AWD,2.5,4,AS8,190,2025,2.5,4,Auto(S8),320
TOYOTA,RAV4 AWD,2.5,4,AS8,190,2025,2.5,4,Auto(S8),301
TOYOTA,RAV4 HYBRID AWD,2.5,4,AV6,140,2025,2.5,4,Auto(AV-S6),224
TOYOTA,SEQUOIA 4WD,5.7,8,AS6,384,2025,3.4,6,Auto(S10),439
TOYOTA,SIENNA,3.5,6,AS8,254,2025,2.5,4,Auto(AV-S6),246
TOYOTA,SIENNA AWD,3.5,6,AS8,274,2025,2.5,4,Auto(AV-S6),253
TOYOTA,TACOMA 4WD,2.7,4,AS6,274,2025,2.4,4,Auto(S8),424
TOYOTA,TACOMA 4WD,3.5,6,AS6,278,2025,2.4,4,Auto(S8),424
TOYOTA,TACOMA 4WD,3.5,6,M6,299,2025,2.4,4,Auto(S8),424
TOYOTA,TUNDRA 4WD,4.6,8,AS6,354,2025,3.4,6,Auto(S10),468
TOYOTA,TUNDRA 4WD,4.6,8,AS6,354,2025,3.4,6,Auto(S10),460
TOYOTA,TUNDRA 4WD,4.6,8,AS6,354,2025,3.4,6,Auto(S10),439
TOYOTA,TUNDRA 4WD,5.7,8,AS6,382,2025,3.4,6,Auto(S10),468
TOYOTA,TUNDRA 4WD,5.7,8,AS6,382,2025,3.4,6,Auto(S10),460
TOYOTA,TUNDRA 4WD,5.7,8,AS6,382,2025,3.4,6,Auto(S10),439
BMW,230I COUPE,2.0,4,AS8,200,2025,2.0,4,Auto(S8),296
BMW,230I XDRIVE COUPE,2.0,4,AS8,219,2025,2.0,4,Auto(S8),313
BMW,330I XDRIVE SEDAN,2.0,4,AS8,195,2025,2.0,4,Auto(S8),298
BMW,430I COUPE,2.0,4,AS8,204,2025,2.0,4,Auto(S8),285
BMW,430I XDRIVE COUPE,2.0,4,AS8,219,2025,2.0,4,Auto(S8),294
BMW,430I XDRIVE GRAN COUPE,2.0,4,AS8,219,2025,2.0,4,Auto(S8),305
BMW,530I XDRIVE SEDAN,2.0,4,AS8,206,2025,2.0,4,Auto(S8),292
BMW,540I XDRIVE SEDAN,3.0,6,AS8,222,2025,3.0,6,Auto(S8),307
BMW,M240I COUPE,3.0,6,AS8,231,2025,3.0,6,Auto(S8),339
BMW,M240I COUPE,3.0,6,M6,255,2025,3.0,6,Auto(S8),339
BMW,M240I XDRIVE COUPE,3.0,6,AS8,233,2025,3.0,6,Auto(S8),336
BMW,M340I XDRIVE SEDAN,3.0,6,AS8,233,2025,3.0,4,Auto(S8),304
BMW,M4 COUPE,3.0,6,AM7,290,2025,3.0,6,Manual(M6),472
BMW,M4 COUPE,3.0,6,M6,273,2025,3.0,6,Manual(M6),472
BMW,M850I XDRIVE COUPE,4.4,8,AS8,273,2025,4.4,8,Auto(S8),456
BMW,M850I XDRIVE GRAN COUPE,4.4,8,AS8,290,2025,4.4,8,Auto(S8),458
BMW,X1 XDRIVE28I,2.0,4,AS8,213,2025,2.0,4,Auto(AM-S7),318
BMW,X2 XDRIVE28I,2.0,4,AS8,207,2025,2.0,4,Auto(AM-S7),318
BMW,X2 M35I,2.0,4,AS8,210,2025,2.0,4,Auto(AM-S7),332
BMW,X3 XDRIVE30I,2.0,4,AS8,215,2025,2.0,4,Auto(S8),299
BMW,X4 XDRIVE30I,2.0,4,AS8,215,2025,2.0,4,Auto(S8),372
BMW,X4 M,3.0,6,AS8,339,2025,3.0,6,Auto(S8),519
BMW,X4 M COMPETITION,3.0,6,AS8,339,2025,3.0,6,Auto(S8),519
BMW,X4 M40I,3.0,6,AS8,235,2025,3.0,6,Auto(S8),377
BMW,X5 XDRIVE40I,3.0,6,AS8,245,2025,3.0,6,Auto(S8),352
BMW,X6 XDRIVE40I,3.0,6,AS8,245,2025,3.0,6,Auto(S8),359
BMW,X7 XDRIVE40I,3.0,6,AS8,254,2025,3.0,6,Auto(S8),397
BMW,Z4 SDRIVE30I,2.0,4,AS8,200,2025,2.0,4,Auto(S8),312
BMW,Z4 M40I,3.0,6,AS8,216,2025,3.0,6,Auto(S8),346
BMW,Z4 M40I,3.0,6,AS8,216,2025,3.0,6,Manual(M6),407
HONDA,ACCORD,1.5,4,AV,170,2025,1.5,4,Auto(AV),277
HONDA,ACCORD,1.5,4,AV,170,2025,2.0,4,Auto(AV),184
HONDA,ACCORD,1.5,4,AV7,177,2025,1.5,4,Auto(AV),277
HONDA,ACCORD,1.5,4,AV7,177,2025,2.0,4,Auto(AV),184
HONDA,ACCORD,1.5,4,M6,185,2025,1.5,4,Auto(AV),277
HONDA,ACCORD,1.5,4,M6,185,2025,2.0,4,Auto(AV),184
HONDA,ACCORD,2.0,4,M6,214,2025,1.5,4,Auto(AV),277
HONDA,ACCORD,2.0,4,M6,214,2025,2.0,4,Auto(AV),184
HONDA,ACCORD SPORT/TOURING,2.0,4,AS10,211,2025,2.0,4,Auto(AV),201
HONDA,CR-V AWD,1.5,4,AV,189,2025,1.5,4,Auto(AV),312
HONDA,CR-V AWD,1.5,4,AV,189,2025,2.0,4,Auto(AV),237
HONDA,HR-V AWD,1.8,4,AV,193,2025,2.0,4,Auto(AV),326
HONDA,HR-V AWD,1.8,4,AV7,200,2025,2.0,4,Auto(AV),326
HONDA,PASSPORT AWD,3.5,6,AS9,265,2025,3.5,6,Auto(S9),416
HONDA,PILOT AWD,3.5,6,A6,266,2025,3.5,6,Auto(S10),415
HONDA,PILOT AWD,3.5,6,AS9,257,2025,3.5,6,Auto(S10),415
HYUNDAI,ELANTRA,1.6,4,AM7,192,2025,2.0,4,Auto(AV-S1),263
HYUNDAI,ELANTRA,1.6,4,AM7,192,2025,2.0,4,Auto(AV-S1),246
HYUNDAI,ELANTRA,1.6,4,M6,214,2025,2.0,4,Auto(AV-S1),263
HYUNDAI,ELANTRA,1.6,4,M6,214,2025,2.0,4,Auto(AV-S1),246
HYUNDAI,ELANTRA,2.0,4,AV,161,2025,2.0,4,Auto(AV-S1),263
HYUNDAI,ELANTRA,2.0,4,AV,161,2025,2.0,4,Auto(AV-S1),246
HYUNDAI,ELANTRA,2.0,4,M6,187,2025,2.0,4,Auto(AV-S1),263
HYUNDAI,ELANTRA,2.0,4,M6,187,2025,2.0,4,Auto(AV-S1),246
HYUNDAI,KONA AWD,1.6,4,AM7,201,2025,1.6,4,Auto(S8),339
HYUNDAI,KONA AWD,1.6,4,AM7,201,2025,2.0,4,Auto(AV-S1),323
HYUNDAI,KONA AWD,1.6,4,AM7,201,2025,2.0,4,Auto(AV-S1),319
HYUNDAI,KONA AWD,2.0,4,AS6,202,2025,1.6,4,Auto(S8),339
HYUNDAI,KONA AWD,2.0,4,AS6,202,2025,2.0,4,Auto(AV-S1),323
HYUNDAI,KONA AWD,2.0,4,AS6,202,2025,2.0,4,Auto(AV-S1),319
HYUNDAI,PALISADE AWD,3.8,6,AS8,265,2025,3.8,6,Auto(S8),420
HYUNDAI,SANTA FE AWD,2.0,4,AS8,255,2025,2.5,4,Auto(AM-S8),390
HYUNDAI,SANTA FE AWD,2.4,4,AS8,238,2025,2.5,4,Auto(AM-S8),390
HYUNDAI,SONATA HYBRID,2.0,4,AM6,117,2025,2.0,4,Auto(AM-S6),188
HYUNDAI,TUCSON AWD,2.0,4,AS6,239,2025,2.5,4,Auto(S8),339
HYUNDAI,TUCSON AWD,2.4,4,AS6,241,2025,2.5,4,Auto(S8),339
HYUNDAI,VENUE,1.6,4,AV,178,2025,1.6,4,Auto(AV-S1),291
HYUNDAI,VENUE,1.6,4,M6,184,2025,1.6,4,Auto(AV-S1),291
KIA,NIRO,1.6,4,AM6,114,2025,1.6,4,Auto(AM-S6),181
KIA,NIRO FE,1.6,4,AM6,110,2025,1.6,4,Auto(AM-S6),167
KIA,SORENTO AWD,2.4,4,AS6,242,2025,2.5,4,Auto(AM-S8),389
KIA,SORENTO AWD,2.4,4,AS6,242,2025,2.5,4,Auto(S8),357
KIA,SORENTO AWD,3.3,6,AS8,261,2025,2.5,4,Auto(AM-S8),389
KIA,SORENTO AWD,3.3,6,AS8,261,2025,2.5,4,Auto(S8),357
KIA,SOUL,2.0,4,AV,188,2025,2.0,4,Auto(AV),302
KIA,SOUL,2.0,4,M6,206,2025,2.0,4,Auto(AV),302
KIA,SPORTAGE AWD,2.0,4,AS6,261,2025,2.5,4,Auto(S8),361
KIA,SPORTAGE AWD,2.4,4,AS6,239,2025,2.5,4,Auto(S8),361
KIA,TELLURIDE AWD,3.8,6,AS8,264,2025,3.8,6,Auto(S8),442
MAZDA,CX-30 4WD,2.0,4,AS6,202,2025,2.5,4,Auto(S6),353
MAZDA,CX-30 4WD,2.0,4,AS6,202,2025,2.5,4,Auto(S6),309
MAZDA,CX-30 4WD,2.5,4,AS6,208,2025,2.5,4,Auto(S6),353
MAZDA,CX-30 4WD,2.5,4,AS6,208,2025,2.5,4,Auto(S6),309
MAZDA,CX-5 4WD,2.5,4,AS6,217,2025,2.5,4,Auto(S6),370
MAZDA,CX-5 4WD,2.5,4,AS6,217,2025,2.5,4,Auto(S6),348
MAZDA,CX-5 4WD,2.5,4,AS6,217,2025,2.5,4,Auto(S6),321
MAZDA,MAZDA3 4-DOOR 4WD,2.5,4,AS6,192,2025,2.5,4,Auto(S6),334
MAZDA,MAZDA3 4-DOOR 4WD,2.5,4,AS6,192,2025,2.5,4,Auto(S6),301
MAZDA,MAZDA3 5-DOOR 4WD,2.5,4,AS6,204,2025,2.5,4,Auto(S6),337
MAZDA,MAZDA3 5-DOOR 4WD,2.5,4,AS6,204,2025,2.5,4,Auto(S6),311
MAZDA,MX-5,2.0,4,AS6,186,2025,2.0,4,Auto(S6),301
MAZDA,MX-5,2.0,4,AS6,186,2025,2.0,4,Manual(M6),305
MERCEDES-BENZ,AMG C 43 4MATIC,3.0,6,A9,253,2025,2.0,4,Auto(A9),405
MERCEDES-BENZ,AMG G 63,4.0,8,A9,396,2025,4.0,8,Auto(A9),608
MERCEDES-BENZ,C 300 4MATIC,2.0,4,A9,219,2025,2.0,4,Auto(A9),329
MERCEDES-BENZ,G 550,4.0,8,A9,378,2025,3.0,6,Auto(A9),490
NISSAN,ALTIMA AWD,2.5,4,AV,186,2025,2.5,4,Auto(AV),317
NISSAN,ARMADA 4WD,5.6,8,AS7,362,2025,3.5,6,Auto(S9),524
NISSAN,FRONTIER 4WD,3.8,6,AS9,287,2025,3.8,6,Auto(S9),470
NISSAN,KICKS,1.6,4,AV,169,2025,2.0,4,Auto(AV),287
NISSAN,MURANO AWD,3.5,6,AV7,242,2025,2.0,4,Auto(S9),387
NISSAN,PATHFINDER 4WD,3.5,6,AV,251,2025,3.5,6,Auto(S9),379
NISSAN,PATHFINDER 4WD PLATINUM,3.5,6,AV,257,2025,3.5,6,Auto(S9),400
NISSAN,ROGUE AWD,2.5,4,AV,204,2025,1.5,3,Auto(AV-S8),287
NISSAN,SENTRA,2.0,4,AV,167,2025,2.0,4,Auto(AV),262
NISSAN,SENTRA SR,2.0,4,AV,171,2025,2.0,4,Auto(AV),270
NISSAN,SENTRA,2.0,4,M6,188,2025,2.0,4,Auto(AV),262
NISSAN,VERSA,1.6,4,AV,158,2025,1.6,4,Auto(AV),253
NISSAN,VERSA,1.6,4,AV,158,2025,1.6,4,Manual(M5),296
NISSAN,VERSA,1.6,4,M5,181,2025,1.6,4,Auto(AV),253
NISSAN,VERSA,1.6,4,M5,181,2025,1.6,4,Manual(M5),296
PORSCHE,CAYENNE,3.0,6,AS8,269,2025,3.0,6,Auto(S8),469
PORSCHE,CAYENNE S,2.9,6,AS8,278,2025,4.0,8,Auto(S8),492
PORSCHE,MACAN,2.0,4,AM7,264,2025,2.0,4,Auto(AM-S7),424
PORSCHE,MACAN S,3.0,6,AM7,272,2025,2.9,6,Auto(AM-S7),466
PORSCHE,PANAMERA,3.0,6,AM8,250,2025,2.9,6,Auto(AM-S8),431
PORSCHE,PANAMERA 4,3.0,6,AM8,253,2025,2.9,6,Auto(AM-S8),425
PORSCHE,PANAMERA GTS,4.0,8,AM8,295,2025,4.0,8,Auto(AM-S8),495
ROLLS-ROYCE,CULLINAN,6.7,12,AS8,386,2025,6.7,12,Auto(S8),609
ROLLS-ROYCE,GHOST,6.6,12,AS8,400,2025,6.7,12,Auto(S8),609
ROLLS-ROYCE,PHANTOM,6.7,12,AS8,382,2025,6.7,12,Auto(S8),609
SUBARU,ASCENT AWD,2.4,4,AV8,244,2025,2.4,4,Auto(AV-S8),398
SUBARU,BRZ,2.0,4,AS6,200,2025,2.4,4,Auto(S6),362
SUBARU,BRZ,2.0,4,AS6,200,2025,2.4,4,Manual(M6),398
SUBARU,BRZ,2.0,4,M6,231,2025,2.4,4,Auto(S6),362
SUBARU,BRZ,2.0,4,M6,231,2025,2.4,4,Manual(M6),398
SUBARU,CROSSTREK AWD,2.0,4,AV8,185,2025,2.0,4,Auto(AV-S8),300
SUBARU,CROSSTREK AWD,2.0,4,AV8,185,2025,2.5,4,Auto(AV-S8),305
SUBARU,CROSSTREK AWD,2.0,4,M6,220,2025,2.0,4,Auto(AV-S8),300
SUBARU,CROSSTREK AWD,2.0,4,M6,220,2025,2.5,4,Auto(AV-S8),305
SUBARU,FORESTER AWD,2.5,4,AV7,192,2025,2.5,4,Auto(AV-S8),310
SUBARU,OUTBACK AWD,2.4,4,AV8,213,2025,2.4,4,Auto(AV-S8),356
SUBARU,OUTBACK AWD,2.4,4,AV8,213,2025,2.5,4,Auto(AV-S8),314
SUBARU,OUTBACK AWD,2.5,4,AV8,192,2025,2.4,4,Auto(AV-S8),356
SUBARU,OUTBACK AWD,2.5,4,AV8,192,2025,2.5,4,Auto(AV-S8),314
TOYOTA,4RUNNER 4WD,4.0,6,AS5,321,2025,2.4,4,Auto(S8),417
TOYOTA,4RUNNER 4WD,4.0,6,AS5,321,2025,2.4,4,Auto(S8),415
TOYOTA,4RUNNER 4WD,4.0,6,AS5,321,2025,2.4,4,Auto(S8),380
TOYOTA,4RUNNER 4WD,4.0,6,AS5,321,2025,2.4,4,Auto(S8),380
TOYOTA,COROLLA,1.8,4,AV,165,2025,2.0,4,Auto(AV),257
TOYOTA,COROLLA,1.8,4,AV,165,2025,2.0,4,Auto(AV),254
TOYOTA,COROLLA,1.8,4,AV,165,2025,2.0,4,Auto(AV-S10),265
TOYOTA,COROLLA,1.8,4,M6,165,2025,2.0,4,Auto(AV),257
TOYOTA,COROLLA,1.8,4,M6,165,2025,2.0,4,Auto(AV),254
TOYOTA,COROLLA,1.8,4,M6,165,2025,2.0,4,Auto(AV-S10),265
TOYOTA,COROLLA,2.0,4,AV10,158,2025,2.0,4,Auto(AV),257
TOYOTA,COROLLA,2.0,4,AV10,158,2025,2.0,4,Auto(AV),254
TOYOTA,COROLLA,2.0,4,AV10,158,2025,2.0,4,Auto(AV-S10),265
TOYOTA,COROLLA,2.0,4,M6,173,2025,2.0,4,Auto(AV),257
TOYOTA,COROLLA,2.0,4,M6,173,2025,2.0,4,Auto(AV),254
TOYOTA,COROLLA,2.0,4,M6,173,2025,2.0,4,Auto(AV-S10),265
TOYOTA,COROLLA HATCHBACK,2.0,4,AV10,158,2025,2.0,4,Auto(AV-S10),254
TOYOTA,COROLLA HATCHBACK,2.0,4,M6,174,2025,2.0,4,Auto(AV-S10),254
TOYOTA,COROLLA HYBRID,1.8,4,AV,106,2025,1.8,4,Auto(AV),186
TOYOTA,HIGHLANDER,3.5,6,AS8,240,2025,2.4,4,Auto(S8),370
TOYOTA,HIGHLANDER,3.5,6,AS8,240,2025,2.4,4,Auto(S8),359
TOYOTA,HIGHLANDER AWD,3.5,6,AS8,240,2025,2.4,4,Auto(S8),371
TOYOTA,HIGHLANDER HYBRID AWD,2.5,4,AV,158,2025,2.5,4,Auto(AV-S6),254
TOYOTA,PRIUS,1.8,4,AV,106,2025,2.0,4,Auto(AV),155
TOYOTA,PRIUS AWD,1.8,4,AV,109,2025,2.0,4,Auto(AV),163
TOYOTA,RAV4,2.5,4,AS8,184,2025,2.5,4,Auto(S8),292
TOYOTA,RAV4 AWD,2.5,4,AS8,194,2025,2.5,4,Auto(S8),320
TOYOTA,RAV4 AWD,2.5,4,AS8,194,2025,2.5,4,Auto(S8),301
TOYOTA,RAV4 HYBRID AWD,2.5,4,AV,139,2025,2.5,4,Auto(AV-S6),224
TOYOTA,SEQUOIA 4WD,5.7,8,AS6,385,2025,3.4,6,Auto(S10),439
TOYOTA,SIENNA,3.5,6,AS8,259,2025,2.5,4,Auto(AV-S6),246
TOYOTA,SIENNA AWD,3.5,6,AS8,274,2025,2.5,4,Auto(AV-S6),253
TOYOTA,TACOMA 4WD,2.7,4,AS6,274,2025,2.4,4,Auto(S8),424
TOYOTA,TACOMA 4WD,3.5,6,AS6,278,2025,2.4,4,Auto(S8),424
TOYOTA,TACOMA 4WD,3.5,6,M6,299,2025,2.4,4,Auto(S8),424
TOYOTA,TUNDRA 4WD,5.7,8,AS6,381,2025,3.4,6,Auto(S10),468
TOYOTA,TUNDRA 4WD,5.7,8,AS6,381,2025,3.4,6,Auto(S10),460
TOYOTA,TUNDRA 4WD,5.7,8,AS6,381,2025,3.4,6,Auto(S10),439
